video_path,label,class_name
c:\Users\Baivab Bhusal\OneDrive\Desktop\visionGuard\aiEngine\src\..\dataset\raw\NonViolence\NV_731.mp4,0,NonViolence
c:\Users\Baivab Bhusal\OneDrive\Desktop\visionGuard\aiEngine\src\..\dataset\raw\Violence\V_13.mp4,1,Violence
c:\Users\Baivab Bhusal\OneDrive\Desktop\visionGuard\aiEngine\src\..\dataset\raw\Violence\V_568.mp4,1,Violence
c:\Users\Baivab Bhusal\OneDrive\Desktop\visionGuard\aiEngine\src\..\dataset\raw\Violence\V_817.mp4,1,Violence
c:\Users\Baivab Bhusal\OneDrive\Desktop\visionGuard\aiEngine\src\..\dataset\raw\Violence\V_663.mp4,1,Violence
c:\Users\Baivab Bhusal\OneDrive\Desktop\visionGuard\aiEngine\src\..\dataset\raw\Violence\V_524.mp4,1,Violence
c:\Users\Baivab Bhusal\OneDrive\Desktop\visionGuard\aiEngine\src\..\dataset\raw\Violence\V_650.mp4,1,Violence
c:\Users\Baivab Bhusal\OneDrive\Desktop\visionGuard\aiEngine\src\..\dataset\raw\NonViolence\NV_372.mp4,0,NonViolence
c:\Users\Baivab Bhusal\OneDrive\Desktop\visionGuard\aiEngine\src\..\dataset\raw\Violence\V_937.mp4,1,Violence
c:\Users\Baivab Bhusal\OneDrive\Desktop\visionGuard\aiEngine\src\..\dataset\raw\NonViolence\NV_142.mp4,0,NonViolence
c:\Users\Baivab Bhusal\OneDrive\Desktop\visionGuard\aiEngine\src\..\dataset\raw\Violence\V_969.mp4,1,Violence
c:\Users\Baivab Bhusal\OneDrive\Desktop\visionGuard\aiEngine\src\..\dataset\raw\Violence\V_491.mp4,1,Violence
c:\Users\Baivab Bhusal\OneDrive\Desktop\visionGuard\aiEngine\src\..\dataset\raw\NonViolence\NV_79.mp4,0,NonViolence
c:\Users\Baivab Bhusal\OneDrive\Desktop\visionGuard\aiEngine\src\..\dataset\raw\NonViolence\NV_243.mp4,0,NonViolence
c:\Users\Baivab Bhusal\OneDrive\Desktop\visionGuard\aiEngine\src\..\dataset\raw\NonViolence\NV_40.mp4,0,NonViolence
c:\Users\Baivab Bhusal\OneDrive\Desktop\visionGuard\aiEngine\src\..\dataset\raw\NonViolence\NV_386.mp4,0,NonViolence
c:\Users\Baivab Bhusal\OneDrive\Desktop\visionGuard\aiEngine\src\..\dataset\raw\Violence\V_106.mp4,1,Violence
c:\Users\Baivab Bhusal\OneDrive\Desktop\visionGuard\aiEngine\src\..\dataset\raw\NonViolence\NV_357.mp4,0,NonViolence
c:\Users\Baivab Bhusal\OneDrive\Desktop\visionGuard\aiEngine\src\..\dataset\raw\NonViolence\NV_535.mp4,0,NonViolence
c:\Users\Baivab Bhusal\OneDrive\Desktop\visionGuard\aiEngine\src\..\dataset\raw\NonViolence\NV_804.mp4,0,NonViolence
c:\Users\Baivab Bhusal\OneDrive\Desktop\visionGuard\aiEngine\src\..\dataset\raw\Violence\V_612.mp4,1,Violence
c:\Users\Baivab Bhusal\OneDrive\Desktop\visionGuard\aiEngine\src\..\dataset\raw\Violence\V_624.mp4,1,Violence
c:\Users\Baivab Bhusal\OneDrive\Desktop\visionGuard\aiEngine\src\..\dataset\raw\NonViolence\NV_257.mp4,0,NonViolence
c:\Users\Baivab Bhusal\OneDrive\Desktop\visionGuard\aiEngine\src\..\dataset\raw\Violence\V_925.mp4,1,Violence
c:\Users\Baivab Bhusal\OneDrive\Desktop\visionGuard\aiEngine\src\..\dataset\raw\Violence\V_114.mp4,1,Violence
c:\Users\Baivab Bhusal\OneDrive\Desktop\visionGuard\aiEngine\src\..\dataset\raw\NonViolence\NV_204.mp4,0,NonViolence
c:\Users\Baivab Bhusal\OneDrive\Desktop\visionGuard\aiEngine\src\..\dataset\raw\Violence\V_883.mp4,1,Violence
c:\Users\Baivab Bhusal\OneDrive\Desktop\visionGuard\aiEngine\src\..\dataset\raw\Violence\V_121.mp4,1,Violence
c:\Users\Baivab Bhusal\OneDrive\Desktop\visionGuard\aiEngine\src\..\dataset\raw\NonViolence\NV_5.mp4,0,NonViolence
c:\Users\Baivab Bhusal\OneDrive\Desktop\visionGuard\aiEngine\src\..\dataset\raw\NonViolence\NV_820.mp4,0,NonViolence
c:\Users\Baivab Bhusal\OneDrive\Desktop\visionGuard\aiEngine\src\..\dataset\raw\NonViolence\NV_146.mp4,0,NonViolence
c:\Users\Baivab Bhusal\OneDrive\Desktop\visionGuard\aiEngine\src\..\dataset\raw\Violence\V_532.mp4,1,Violence
c:\Users\Baivab Bhusal\OneDrive\Desktop\visionGuard\aiEngine\src\..\dataset\raw\NonViolence\NV_529.mp4,0,NonViolence
c:\Users\Baivab Bhusal\OneDrive\Desktop\visionGuard\aiEngine\src\..\dataset\raw\NonViolence\NV_458.mp4,0,NonViolence
c:\Users\Baivab Bhusal\OneDrive\Desktop\visionGuard\aiEngine\src\..\dataset\raw\Violence\V_385.mp4,1,Violence
c:\Users\Baivab Bhusal\OneDrive\Desktop\visionGuard\aiEngine\src\..\dataset\raw\NonViolence\NV_589.mp4,0,NonViolence
c:\Users\Baivab Bhusal\OneDrive\Desktop\visionGuard\aiEngine\src\..\dataset\raw\NonViolence\NV_563.mp4,0,NonViolence
c:\Users\Baivab Bhusal\OneDrive\Desktop\visionGuard\aiEngine\src\..\dataset\raw\NonViolence\NV_221.mp4,0,NonViolence
c:\Users\Baivab Bhusal\OneDrive\Desktop\visionGuard\aiEngine\src\..\dataset\raw\NonViolence\NV_509.mp4,0,NonViolence
c:\Users\Baivab Bhusal\OneDrive\Desktop\visionGuard\aiEngine\src\..\dataset\raw\NonViolence\NV_729.mp4,0,NonViolence
c:\Users\Baivab Bhusal\OneDrive\Desktop\visionGuard\aiEngine\src\..\dataset\raw\NonViolence\NV_727.mp4,0,NonViolence
c:\Users\Baivab Bhusal\OneDrive\Desktop\visionGuard\aiEngine\src\..\dataset\raw\NonViolence\NV_672.mp4,0,NonViolence
c:\Users\Baivab Bhusal\OneDrive\Desktop\visionGuard\aiEngine\src\..\dataset\raw\NonViolence\NV_809.mp4,0,NonViolence
c:\Users\Baivab Bhusal\OneDrive\Desktop\visionGuard\aiEngine\src\..\dataset\raw\NonViolence\NV_726.mp4,0,NonViolence
c:\Users\Baivab Bhusal\OneDrive\Desktop\visionGuard\aiEngine\src\..\dataset\raw\NonViolence\NV_499.mp4,0,NonViolence
c:\Users\Baivab Bhusal\OneDrive\Desktop\visionGuard\aiEngine\src\..\dataset\raw\NonViolence\NV_699.mp4,0,NonViolence
c:\Users\Baivab Bhusal\OneDrive\Desktop\visionGuard\aiEngine\src\..\dataset\raw\Violence\V_32.mp4,1,Violence
c:\Users\Baivab Bhusal\OneDrive\Desktop\visionGuard\aiEngine\src\..\dataset\raw\Violence\V_10.mp4,1,Violence
c:\Users\Baivab Bhusal\OneDrive\Desktop\visionGuard\aiEngine\src\..\dataset\raw\Violence\V_351.mp4,1,Violence
c:\Users\Baivab Bhusal\OneDrive\Desktop\visionGuard\aiEngine\src\..\dataset\raw\Violence\V_191.mp4,1,Violence
c:\Users\Baivab Bhusal\OneDrive\Desktop\visionGuard\aiEngine\src\..\dataset\raw\NonViolence\NV_365.mp4,0,NonViolence
c:\Users\Baivab Bhusal\OneDrive\Desktop\visionGuard\aiEngine\src\..\dataset\raw\Violence\V_873.mp4,1,Violence
c:\Users\Baivab Bhusal\OneDrive\Desktop\visionGuard\aiEngine\src\..\dataset\raw\Violence\V_53.mp4,1,Violence
c:\Users\Baivab Bhusal\OneDrive\Desktop\visionGuard\aiEngine\src\..\dataset\raw\NonViolence\NV_664.mp4,0,NonViolence
c:\Users\Baivab Bhusal\OneDrive\Desktop\visionGuard\aiEngine\src\..\dataset\raw\NonViolence\NV_756.mp4,0,NonViolence
c:\Users\Baivab Bhusal\OneDrive\Desktop\visionGuard\aiEngine\src\..\dataset\raw\NonViolence\NV_887.avi,0,NonViolence
c:\Users\Baivab Bhusal\OneDrive\Desktop\visionGuard\aiEngine\src\..\dataset\raw\Violence\V_954.mp4,1,Violence
c:\Users\Baivab Bhusal\OneDrive\Desktop\visionGuard\aiEngine\src\..\dataset\raw\NonViolence\NV_42.mp4,0,NonViolence
c:\Users\Baivab Bhusal\OneDrive\Desktop\visionGuard\aiEngine\src\..\dataset\raw\NonViolence\NV_459.mp4,0,NonViolence
c:\Users\Baivab Bhusal\OneDrive\Desktop\visionGuard\aiEngine\src\..\dataset\raw\NonViolence\NV_71.mp4,0,NonViolence
c:\Users\Baivab Bhusal\OneDrive\Desktop\visionGuard\aiEngine\src\..\dataset\raw\NonViolence\NV_745.mp4,0,NonViolence
c:\Users\Baivab Bhusal\OneDrive\Desktop\visionGuard\aiEngine\src\..\dataset\raw\NonViolence\NV_253.mp4,0,NonViolence
c:\Users\Baivab Bhusal\OneDrive\Desktop\visionGuard\aiEngine\src\..\dataset\raw\NonViolence\NV_483.mp4,0,NonViolence
c:\Users\Baivab Bhusal\OneDrive\Desktop\visionGuard\aiEngine\src\..\dataset\raw\Violence\V_85.mp4,1,Violence
c:\Users\Baivab Bhusal\OneDrive\Desktop\visionGuard\aiEngine\src\..\dataset\raw\Violence\V_905.mp4,1,Violence
c:\Users\Baivab Bhusal\OneDrive\Desktop\visionGuard\aiEngine\src\..\dataset\raw\Violence\V_962.mp4,1,Violence
c:\Users\Baivab Bhusal\OneDrive\Desktop\visionGuard\aiEngine\src\..\dataset\raw\Violence\V_625.mp4,1,Violence
c:\Users\Baivab Bhusal\OneDrive\Desktop\visionGuard\aiEngine\src\..\dataset\raw\Violence\V_541.mp4,1,Violence
c:\Users\Baivab Bhusal\OneDrive\Desktop\visionGuard\aiEngine\src\..\dataset\raw\Violence\V_9.mp4,1,Violence
c:\Users\Baivab Bhusal\OneDrive\Desktop\visionGuard\aiEngine\src\..\dataset\raw\Violence\V_47.mp4,1,Violence
c:\Users\Baivab Bhusal\OneDrive\Desktop\visionGuard\aiEngine\src\..\dataset\raw\Violence\V_621.mp4,1,Violence
c:\Users\Baivab Bhusal\OneDrive\Desktop\visionGuard\aiEngine\src\..\dataset\raw\Violence\V_73.mp4,1,Violence
c:\Users\Baivab Bhusal\OneDrive\Desktop\visionGuard\aiEngine\src\..\dataset\raw\NonViolence\NV_245.mp4,0,NonViolence
c:\Users\Baivab Bhusal\OneDrive\Desktop\visionGuard\aiEngine\src\..\dataset\raw\NonViolence\NV_415.mp4,0,NonViolence
c:\Users\Baivab Bhusal\OneDrive\Desktop\visionGuard\aiEngine\src\..\dataset\raw\NonViolence\NV_297.mp4,0,NonViolence
c:\Users\Baivab Bhusal\OneDrive\Desktop\visionGuard\aiEngine\src\..\dataset\raw\NonViolence\NV_425.mp4,0,NonViolence
c:\Users\Baivab Bhusal\OneDrive\Desktop\visionGuard\aiEngine\src\..\dataset\raw\Violence\V_594.mp4,1,Violence
c:\Users\Baivab Bhusal\OneDrive\Desktop\visionGuard\aiEngine\src\..\dataset\raw\Violence\V_858.mp4,1,Violence
c:\Users\Baivab Bhusal\OneDrive\Desktop\visionGuard\aiEngine\src\..\dataset\raw\Violence\V_951.mp4,1,Violence
c:\Users\Baivab Bhusal\OneDrive\Desktop\visionGuard\aiEngine\src\..\dataset\raw\Violence\V_527.mp4,1,Violence
c:\Users\Baivab Bhusal\OneDrive\Desktop\visionGuard\aiEngine\src\..\dataset\raw\NonViolence\NV_621.mp4,0,NonViolence
c:\Users\Baivab Bhusal\OneDrive\Desktop\visionGuard\aiEngine\src\..\dataset\raw\NonViolence\NV_80.mp4,0,NonViolence
c:\Users\Baivab Bhusal\OneDrive\Desktop\visionGuard\aiEngine\src\..\dataset\raw\NonViolence\NV_635.mp4,0,NonViolence
c:\Users\Baivab Bhusal\OneDrive\Desktop\visionGuard\aiEngine\src\..\dataset\raw\NonViolence\NV_702.mp4,0,NonViolence
c:\Users\Baivab Bhusal\OneDrive\Desktop\visionGuard\aiEngine\src\..\dataset\raw\NonViolence\NV_389.mp4,0,NonViolence
c:\Users\Baivab Bhusal\OneDrive\Desktop\visionGuard\aiEngine\src\..\dataset\raw\Violence\V_602.mp4,1,Violence
c:\Users\Baivab Bhusal\OneDrive\Desktop\visionGuard\aiEngine\src\..\dataset\raw\Violence\V_904.mp4,1,Violence
c:\Users\Baivab Bhusal\OneDrive\Desktop\visionGuard\aiEngine\src\..\dataset\raw\NonViolence\NV_796.mp4,0,NonViolence
c:\Users\Baivab Bhusal\OneDrive\Desktop\visionGuard\aiEngine\src\..\dataset\raw\Violence\V_758.mp4,1,Violence
c:\Users\Baivab Bhusal\OneDrive\Desktop\visionGuard\aiEngine\src\..\dataset\raw\Violence\V_61.mp4,1,Violence
c:\Users\Baivab Bhusal\OneDrive\Desktop\visionGuard\aiEngine\src\..\dataset\raw\NonViolence\NV_437.mp4,0,NonViolence
c:\Users\Baivab Bhusal\OneDrive\Desktop\visionGuard\aiEngine\src\..\dataset\raw\NonViolence\NV_504.mp4,0,NonViolence
c:\Users\Baivab Bhusal\OneDrive\Desktop\visionGuard\aiEngine\src\..\dataset\raw\NonViolence\NV_768.mp4,0,NonViolence
c:\Users\Baivab Bhusal\OneDrive\Desktop\visionGuard\aiEngine\src\..\dataset\raw\NonViolence\NV_497.mp4,0,NonViolence
c:\Users\Baivab Bhusal\OneDrive\Desktop\visionGuard\aiEngine\src\..\dataset\raw\NonViolence\NV_407.mp4,0,NonViolence
c:\Users\Baivab Bhusal\OneDrive\Desktop\visionGuard\aiEngine\src\..\dataset\raw\Violence\V_995.mp4,1,Violence
c:\Users\Baivab Bhusal\OneDrive\Desktop\visionGuard\aiEngine\src\..\dataset\raw\Violence\V_822.mp4,1,Violence
c:\Users\Baivab Bhusal\OneDrive\Desktop\visionGuard\aiEngine\src\..\dataset\raw\Violence\V_958.mp4,1,Violence
c:\Users\Baivab Bhusal\OneDrive\Desktop\visionGuard\aiEngine\src\..\dataset\raw\Violence\V_471.mp4,1,Violence
c:\Users\Baivab Bhusal\OneDrive\Desktop\visionGuard\aiEngine\src\..\dataset\raw\Violence\V_226.mp4,1,Violence
c:\Users\Baivab Bhusal\OneDrive\Desktop\visionGuard\aiEngine\src\..\dataset\raw\NonViolence\NV_943.mp4,0,NonViolence
c:\Users\Baivab Bhusal\OneDrive\Desktop\visionGuard\aiEngine\src\..\dataset\raw\Violence\V_335.mp4,1,Violence
c:\Users\Baivab Bhusal\OneDrive\Desktop\visionGuard\aiEngine\src\..\dataset\raw\Violence\V_497.mp4,1,Violence
c:\Users\Baivab Bhusal\OneDrive\Desktop\visionGuard\aiEngine\src\..\dataset\raw\NonViolence\NV_795.mp4,0,NonViolence
c:\Users\Baivab Bhusal\OneDrive\Desktop\visionGuard\aiEngine\src\..\dataset\raw\Violence\V_28.mp4,1,Violence
c:\Users\Baivab Bhusal\OneDrive\Desktop\visionGuard\aiEngine\src\..\dataset\raw\NonViolence\NV_613.mp4,0,NonViolence
c:\Users\Baivab Bhusal\OneDrive\Desktop\visionGuard\aiEngine\src\..\dataset\raw\NonViolence\NV_65.mp4,0,NonViolence
c:\Users\Baivab Bhusal\OneDrive\Desktop\visionGuard\aiEngine\src\..\dataset\raw\Violence\V_278.mp4,1,Violence
c:\Users\Baivab Bhusal\OneDrive\Desktop\visionGuard\aiEngine\src\..\dataset\raw\Violence\V_743.mp4,1,Violence
c:\Users\Baivab Bhusal\OneDrive\Desktop\visionGuard\aiEngine\src\..\dataset\raw\Violence\V_110.mp4,1,Violence
c:\Users\Baivab Bhusal\OneDrive\Desktop\visionGuard\aiEngine\src\..\dataset\raw\NonViolence\NV_327.mp4,0,NonViolence
c:\Users\Baivab Bhusal\OneDrive\Desktop\visionGuard\aiEngine\src\..\dataset\raw\Violence\V_901.mp4,1,Violence
c:\Users\Baivab Bhusal\OneDrive\Desktop\visionGuard\aiEngine\src\..\dataset\raw\Violence\V_219.mp4,1,Violence
c:\Users\Baivab Bhusal\OneDrive\Desktop\visionGuard\aiEngine\src\..\dataset\raw\Violence\V_427.mp4,1,Violence
c:\Users\Baivab Bhusal\OneDrive\Desktop\visionGuard\aiEngine\src\..\dataset\raw\NonViolence\NV_322.mp4,0,NonViolence
c:\Users\Baivab Bhusal\OneDrive\Desktop\visionGuard\aiEngine\src\..\dataset\raw\Violence\V_462.mp4,1,Violence
c:\Users\Baivab Bhusal\OneDrive\Desktop\visionGuard\aiEngine\src\..\dataset\raw\NonViolence\NV_491.mp4,0,NonViolence
c:\Users\Baivab Bhusal\OneDrive\Desktop\visionGuard\aiEngine\src\..\dataset\raw\Violence\V_485.mp4,1,Violence
c:\Users\Baivab Bhusal\OneDrive\Desktop\visionGuard\aiEngine\src\..\dataset\raw\NonViolence\NV_377.mp4,0,NonViolence
c:\Users\Baivab Bhusal\OneDrive\Desktop\visionGuard\aiEngine\src\..\dataset\raw\Violence\V_589.mp4,1,Violence
c:\Users\Baivab Bhusal\OneDrive\Desktop\visionGuard\aiEngine\src\..\dataset\raw\NonViolence\NV_309.mp4,0,NonViolence
c:\Users\Baivab Bhusal\OneDrive\Desktop\visionGuard\aiEngine\src\..\dataset\raw\NonViolence\NV_720.mp4,0,NonViolence
c:\Users\Baivab Bhusal\OneDrive\Desktop\visionGuard\aiEngine\src\..\dataset\raw\NonViolence\NV_282.mp4,0,NonViolence
c:\Users\Baivab Bhusal\OneDrive\Desktop\visionGuard\aiEngine\src\..\dataset\raw\Violence\V_684.mp4,1,Violence
c:\Users\Baivab Bhusal\OneDrive\Desktop\visionGuard\aiEngine\src\..\dataset\raw\NonViolence\NV_551.mp4,0,NonViolence
c:\Users\Baivab Bhusal\OneDrive\Desktop\visionGuard\aiEngine\src\..\dataset\raw\NonViolence\NV_889.avi,0,NonViolence
c:\Users\Baivab Bhusal\OneDrive\Desktop\visionGuard\aiEngine\src\..\dataset\raw\NonViolence\NV_744.mp4,0,NonViolence
c:\Users\Baivab Bhusal\OneDrive\Desktop\visionGuard\aiEngine\src\..\dataset\raw\Violence\V_98.mp4,1,Violence
c:\Users\Baivab Bhusal\OneDrive\Desktop\visionGuard\aiEngine\src\..\dataset\raw\NonViolence\NV_82.mp4,0,NonViolence
c:\Users\Baivab Bhusal\OneDrive\Desktop\visionGuard\aiEngine\src\..\dataset\raw\Violence\V_835.mp4,1,Violence
c:\Users\Baivab Bhusal\OneDrive\Desktop\visionGuard\aiEngine\src\..\dataset\raw\NonViolence\NV_925.mp4,0,NonViolence
c:\Users\Baivab Bhusal\OneDrive\Desktop\visionGuard\aiEngine\src\..\dataset\raw\Violence\V_16.mp4,1,Violence
c:\Users\Baivab Bhusal\OneDrive\Desktop\visionGuard\aiEngine\src\..\dataset\raw\NonViolence\NV_429.mp4,0,NonViolence
c:\Users\Baivab Bhusal\OneDrive\Desktop\visionGuard\aiEngine\src\..\dataset\raw\NonViolence\NV_978.mp4,0,NonViolence
c:\Users\Baivab Bhusal\OneDrive\Desktop\visionGuard\aiEngine\src\..\dataset\raw\NonViolence\NV_596.mp4,0,NonViolence
c:\Users\Baivab Bhusal\OneDrive\Desktop\visionGuard\aiEngine\src\..\dataset\raw\Violence\V_264.mp4,1,Violence
c:\Users\Baivab Bhusal\OneDrive\Desktop\visionGuard\aiEngine\src\..\dataset\raw\Violence\V_861.mp4,1,Violence
c:\Users\Baivab Bhusal\OneDrive\Desktop\visionGuard\aiEngine\src\..\dataset\raw\Violence\V_398.mp4,1,Violence
c:\Users\Baivab Bhusal\OneDrive\Desktop\visionGuard\aiEngine\src\..\dataset\raw\NonViolence\NV_15.mp4,0,NonViolence
c:\Users\Baivab Bhusal\OneDrive\Desktop\visionGuard\aiEngine\src\..\dataset\raw\NonViolence\NV_60.mp4,0,NonViolence
c:\Users\Baivab Bhusal\OneDrive\Desktop\visionGuard\aiEngine\src\..\dataset\raw\NonViolence\NV_907.avi,0,NonViolence
c:\Users\Baivab Bhusal\OneDrive\Desktop\visionGuard\aiEngine\src\..\dataset\raw\NonViolence\NV_525.mp4,0,NonViolence
c:\Users\Baivab Bhusal\OneDrive\Desktop\visionGuard\aiEngine\src\..\dataset\raw\Violence\V_400.mp4,1,Violence
c:\Users\Baivab Bhusal\OneDrive\Desktop\visionGuard\aiEngine\src\..\dataset\raw\Violence\V_694.mp4,1,Violence
c:\Users\Baivab Bhusal\OneDrive\Desktop\visionGuard\aiEngine\src\..\dataset\raw\NonViolence\NV_381.mp4,0,NonViolence
c:\Users\Baivab Bhusal\OneDrive\Desktop\visionGuard\aiEngine\src\..\dataset\raw\Violence\V_688.mp4,1,Violence
c:\Users\Baivab Bhusal\OneDrive\Desktop\visionGuard\aiEngine\src\..\dataset\raw\Violence\V_825.mp4,1,Violence
c:\Users\Baivab Bhusal\OneDrive\Desktop\visionGuard\aiEngine\src\..\dataset\raw\Violence\V_920.mp4,1,Violence
c:\Users\Baivab Bhusal\OneDrive\Desktop\visionGuard\aiEngine\src\..\dataset\raw\Violence\V_919.mp4,1,Violence
c:\Users\Baivab Bhusal\OneDrive\Desktop\visionGuard\aiEngine\src\..\dataset\raw\Violence\V_595.mp4,1,Violence
c:\Users\Baivab Bhusal\OneDrive\Desktop\visionGuard\aiEngine\src\..\dataset\raw\Violence\V_122.mp4,1,Violence
c:\Users\Baivab Bhusal\OneDrive\Desktop\visionGuard\aiEngine\src\..\dataset\raw\Violence\V_483.mp4,1,Violence
c:\Users\Baivab Bhusal\OneDrive\Desktop\visionGuard\aiEngine\src\..\dataset\raw\NonViolence\NV_103.mp4,0,NonViolence
c:\Users\Baivab Bhusal\OneDrive\Desktop\visionGuard\aiEngine\src\..\dataset\raw\Violence\V_757.mp4,1,Violence
c:\Users\Baivab Bhusal\OneDrive\Desktop\visionGuard\aiEngine\src\..\dataset\raw\Violence\V_762.mp4,1,Violence
c:\Users\Baivab Bhusal\OneDrive\Desktop\visionGuard\aiEngine\src\..\dataset\raw\Violence\V_176.mp4,1,Violence
c:\Users\Baivab Bhusal\OneDrive\Desktop\visionGuard\aiEngine\src\..\dataset\raw\Violence\V_515.mp4,1,Violence
c:\Users\Baivab Bhusal\OneDrive\Desktop\visionGuard\aiEngine\src\..\dataset\raw\NonViolence\NV_633.mp4,0,NonViolence
c:\Users\Baivab Bhusal\OneDrive\Desktop\visionGuard\aiEngine\src\..\dataset\raw\Violence\V_596.mp4,1,Violence
c:\Users\Baivab Bhusal\OneDrive\Desktop\visionGuard\aiEngine\src\..\dataset\raw\NonViolence\NV_157.mp4,0,NonViolence
c:\Users\Baivab Bhusal\OneDrive\Desktop\visionGuard\aiEngine\src\..\dataset\raw\NonViolence\NV_408.mp4,0,NonViolence
c:\Users\Baivab Bhusal\OneDrive\Desktop\visionGuard\aiEngine\src\..\dataset\raw\NonViolence\NV_894.avi,0,NonViolence
c:\Users\Baivab Bhusal\OneDrive\Desktop\visionGuard\aiEngine\src\..\dataset\raw\NonViolence\NV_873.avi,0,NonViolence
c:\Users\Baivab Bhusal\OneDrive\Desktop\visionGuard\aiEngine\src\..\dataset\raw\Violence\V_733.mp4,1,Violence
c:\Users\Baivab Bhusal\OneDrive\Desktop\visionGuard\aiEngine\src\..\dataset\raw\NonViolence\NV_108.mp4,0,NonViolence
c:\Users\Baivab Bhusal\OneDrive\Desktop\visionGuard\aiEngine\src\..\dataset\raw\NonViolence\NV_366.mp4,0,NonViolence
c:\Users\Baivab Bhusal\OneDrive\Desktop\visionGuard\aiEngine\src\..\dataset\raw\Violence\V_70.mp4,1,Violence
c:\Users\Baivab Bhusal\OneDrive\Desktop\visionGuard\aiEngine\src\..\dataset\raw\NonViolence\NV_689.mp4,0,NonViolence
c:\Users\Baivab Bhusal\OneDrive\Desktop\visionGuard\aiEngine\src\..\dataset\raw\Violence\V_276.mp4,1,Violence
c:\Users\Baivab Bhusal\OneDrive\Desktop\visionGuard\aiEngine\src\..\dataset\raw\Violence\V_614.mp4,1,Violence
c:\Users\Baivab Bhusal\OneDrive\Desktop\visionGuard\aiEngine\src\..\dataset\raw\NonViolence\NV_410.mp4,0,NonViolence
c:\Users\Baivab Bhusal\OneDrive\Desktop\visionGuard\aiEngine\src\..\dataset\raw\Violence\V_907.mp4,1,Violence
c:\Users\Baivab Bhusal\OneDrive\Desktop\visionGuard\aiEngine\src\..\dataset\raw\NonViolence\NV_260.mp4,0,NonViolence
c:\Users\Baivab Bhusal\OneDrive\Desktop\visionGuard\aiEngine\src\..\dataset\raw\Violence\V_401.mp4,1,Violence
c:\Users\Baivab Bhusal\OneDrive\Desktop\visionGuard\aiEngine\src\..\dataset\raw\NonViolence\NV_512.mp4,0,NonViolence
c:\Users\Baivab Bhusal\OneDrive\Desktop\visionGuard\aiEngine\src\..\dataset\raw\NonViolence\NV_13.mp4,0,NonViolence
c:\Users\Baivab Bhusal\OneDrive\Desktop\visionGuard\aiEngine\src\..\dataset\raw\NonViolence\NV_748.mp4,0,NonViolence
c:\Users\Baivab Bhusal\OneDrive\Desktop\visionGuard\aiEngine\src\..\dataset\raw\Violence\V_912.mp4,1,Violence
c:\Users\Baivab Bhusal\OneDrive\Desktop\visionGuard\aiEngine\src\..\dataset\raw\NonViolence\NV_900.avi,0,NonViolence
c:\Users\Baivab Bhusal\OneDrive\Desktop\visionGuard\aiEngine\src\..\dataset\raw\Violence\V_200.mp4,1,Violence
c:\Users\Baivab Bhusal\OneDrive\Desktop\visionGuard\aiEngine\src\..\dataset\raw\Violence\V_233.mp4,1,Violence
c:\Users\Baivab Bhusal\OneDrive\Desktop\visionGuard\aiEngine\src\..\dataset\raw\NonViolence\NV_599.mp4,0,NonViolence
c:\Users\Baivab Bhusal\OneDrive\Desktop\visionGuard\aiEngine\src\..\dataset\raw\Violence\V_968.mp4,1,Violence
c:\Users\Baivab Bhusal\OneDrive\Desktop\visionGuard\aiEngine\src\..\dataset\raw\NonViolence\NV_111.mp4,0,NonViolence
c:\Users\Baivab Bhusal\OneDrive\Desktop\visionGuard\aiEngine\src\..\dataset\raw\NonViolence\NV_422.mp4,0,NonViolence
c:\Users\Baivab Bhusal\OneDrive\Desktop\visionGuard\aiEngine\src\..\dataset\raw\Violence\V_232.mp4,1,Violence
c:\Users\Baivab Bhusal\OneDrive\Desktop\visionGuard\aiEngine\src\..\dataset\raw\Violence\V_630.mp4,1,Violence
c:\Users\Baivab Bhusal\OneDrive\Desktop\visionGuard\aiEngine\src\..\dataset\raw\NonViolence\NV_287.mp4,0,NonViolence
c:\Users\Baivab Bhusal\OneDrive\Desktop\visionGuard\aiEngine\src\..\dataset\raw\Violence\V_312.mp4,1,Violence
c:\Users\Baivab Bhusal\OneDrive\Desktop\visionGuard\aiEngine\src\..\dataset\raw\NonViolence\NV_319.mp4,0,NonViolence
c:\Users\Baivab Bhusal\OneDrive\Desktop\visionGuard\aiEngine\src\..\dataset\raw\NonViolence\NV_947.mp4,0,NonViolence
c:\Users\Baivab Bhusal\OneDrive\Desktop\visionGuard\aiEngine\src\..\dataset\raw\NonViolence\NV_162.mp4,0,NonViolence
c:\Users\Baivab Bhusal\OneDrive\Desktop\visionGuard\aiEngine\src\..\dataset\raw\Violence\V_49.mp4,1,Violence
c:\Users\Baivab Bhusal\OneDrive\Desktop\visionGuard\aiEngine\src\..\dataset\raw\NonViolence\NV_792.mp4,0,NonViolence
c:\Users\Baivab Bhusal\OneDrive\Desktop\visionGuard\aiEngine\src\..\dataset\raw\NonViolence\NV_875.avi,0,NonViolence
c:\Users\Baivab Bhusal\OneDrive\Desktop\visionGuard\aiEngine\src\..\dataset\raw\NonViolence\NV_570.mp4,0,NonViolence
c:\Users\Baivab Bhusal\OneDrive\Desktop\visionGuard\aiEngine\src\..\dataset\raw\NonViolence\NV_31.mp4,0,NonViolence
c:\Users\Baivab Bhusal\OneDrive\Desktop\visionGuard\aiEngine\src\..\dataset\raw\NonViolence\NV_574.mp4,0,NonViolence
c:\Users\Baivab Bhusal\OneDrive\Desktop\visionGuard\aiEngine\src\..\dataset\raw\Violence\V_314.mp4,1,Violence
c:\Users\Baivab Bhusal\OneDrive\Desktop\visionGuard\aiEngine\src\..\dataset\raw\Violence\V_746.mp4,1,Violence
c:\Users\Baivab Bhusal\OneDrive\Desktop\visionGuard\aiEngine\src\..\dataset\raw\Violence\V_810.mp4,1,Violence
c:\Users\Baivab Bhusal\OneDrive\Desktop\visionGuard\aiEngine\src\..\dataset\raw\Violence\V_603.mp4,1,Violence
c:\Users\Baivab Bhusal\OneDrive\Desktop\visionGuard\aiEngine\src\..\dataset\raw\NonViolence\NV_549.mp4,0,NonViolence
c:\Users\Baivab Bhusal\OneDrive\Desktop\visionGuard\aiEngine\src\..\dataset\raw\NonViolence\NV_152.mp4,0,NonViolence
c:\Users\Baivab Bhusal\OneDrive\Desktop\visionGuard\aiEngine\src\..\dataset\raw\NonViolence\NV_776.mp4,0,NonViolence
c:\Users\Baivab Bhusal\OneDrive\Desktop\visionGuard\aiEngine\src\..\dataset\raw\Violence\V_989.mp4,1,Violence
c:\Users\Baivab Bhusal\OneDrive\Desktop\visionGuard\aiEngine\src\..\dataset\raw\NonViolence\NV_579.mp4,0,NonViolence
c:\Users\Baivab Bhusal\OneDrive\Desktop\visionGuard\aiEngine\src\..\dataset\raw\Violence\V_303.mp4,1,Violence
c:\Users\Baivab Bhusal\OneDrive\Desktop\visionGuard\aiEngine\src\..\dataset\raw\NonViolence\NV_350.mp4,0,NonViolence
c:\Users\Baivab Bhusal\OneDrive\Desktop\visionGuard\aiEngine\src\..\dataset\raw\Violence\V_100.mp4,1,Violence
c:\Users\Baivab Bhusal\OneDrive\Desktop\visionGuard\aiEngine\src\..\dataset\raw\NonViolence\NV_344.mp4,0,NonViolence
c:\Users\Baivab Bhusal\OneDrive\Desktop\visionGuard\aiEngine\src\..\dataset\raw\NonViolence\NV_880.avi,0,NonViolence
c:\Users\Baivab Bhusal\OneDrive\Desktop\visionGuard\aiEngine\src\..\dataset\raw\Violence\V_239.mp4,1,Violence
c:\Users\Baivab Bhusal\OneDrive\Desktop\visionGuard\aiEngine\src\..\dataset\raw\Violence\V_788.mp4,1,Violence
c:\Users\Baivab Bhusal\OneDrive\Desktop\visionGuard\aiEngine\src\..\dataset\raw\NonViolence\NV_648.mp4,0,NonViolence
c:\Users\Baivab Bhusal\OneDrive\Desktop\visionGuard\aiEngine\src\..\dataset\raw\Violence\V_526.mp4,1,Violence
c:\Users\Baivab Bhusal\OneDrive\Desktop\visionGuard\aiEngine\src\..\dataset\raw\Violence\V_395.mp4,1,Violence
c:\Users\Baivab Bhusal\OneDrive\Desktop\visionGuard\aiEngine\src\..\dataset\raw\Violence\V_4.mp4,1,Violence
c:\Users\Baivab Bhusal\OneDrive\Desktop\visionGuard\aiEngine\src\..\dataset\raw\Violence\V_212.mp4,1,Violence
c:\Users\Baivab Bhusal\OneDrive\Desktop\visionGuard\aiEngine\src\..\dataset\raw\Violence\V_181.mp4,1,Violence
c:\Users\Baivab Bhusal\OneDrive\Desktop\visionGuard\aiEngine\src\..\dataset\raw\Violence\V_77.mp4,1,Violence
c:\Users\Baivab Bhusal\OneDrive\Desktop\visionGuard\aiEngine\src\..\dataset\raw\Violence\V_490.mp4,1,Violence
c:\Users\Baivab Bhusal\OneDrive\Desktop\visionGuard\aiEngine\src\..\dataset\raw\NonViolence\NV_564.mp4,0,NonViolence
c:\Users\Baivab Bhusal\OneDrive\Desktop\visionGuard\aiEngine\src\..\dataset\raw\Violence\V_585.mp4,1,Violence
c:\Users\Baivab Bhusal\OneDrive\Desktop\visionGuard\aiEngine\src\..\dataset\raw\NonViolence\NV_604.mp4,0,NonViolence
c:\Users\Baivab Bhusal\OneDrive\Desktop\visionGuard\aiEngine\src\..\dataset\raw\Violence\V_590.mp4,1,Violence
c:\Users\Baivab Bhusal\OneDrive\Desktop\visionGuard\aiEngine\src\..\dataset\raw\NonViolence\NV_64.mp4,0,NonViolence
c:\Users\Baivab Bhusal\OneDrive\Desktop\visionGuard\aiEngine\src\..\dataset\raw\Violence\V_107.mp4,1,Violence
c:\Users\Baivab Bhusal\OneDrive\Desktop\visionGuard\aiEngine\src\..\dataset\raw\Violence\V_768.mp4,1,Violence
c:\Users\Baivab Bhusal\OneDrive\Desktop\visionGuard\aiEngine\src\..\dataset\raw\NonViolence\NV_179.mp4,0,NonViolence
c:\Users\Baivab Bhusal\OneDrive\Desktop\visionGuard\aiEngine\src\..\dataset\raw\Violence\V_843.mp4,1,Violence
c:\Users\Baivab Bhusal\OneDrive\Desktop\visionGuard\aiEngine\src\..\dataset\raw\Violence\V_559.mp4,1,Violence
c:\Users\Baivab Bhusal\OneDrive\Desktop\visionGuard\aiEngine\src\..\dataset\raw\NonViolence\NV_370.mp4,0,NonViolence
c:\Users\Baivab Bhusal\OneDrive\Desktop\visionGuard\aiEngine\src\..\dataset\raw\NonViolence\NV_7.mp4,0,NonViolence
c:\Users\Baivab Bhusal\OneDrive\Desktop\visionGuard\aiEngine\src\..\dataset\raw\NonViolence\NV_616.mp4,0,NonViolence
c:\Users\Baivab Bhusal\OneDrive\Desktop\visionGuard\aiEngine\src\..\dataset\raw\Violence\V_198.mp4,1,Violence
c:\Users\Baivab Bhusal\OneDrive\Desktop\visionGuard\aiEngine\src\..\dataset\raw\Violence\V_834.mp4,1,Violence
c:\Users\Baivab Bhusal\OneDrive\Desktop\visionGuard\aiEngine\src\..\dataset\raw\NonViolence\NV_532.mp4,0,NonViolence
c:\Users\Baivab Bhusal\OneDrive\Desktop\visionGuard\aiEngine\src\..\dataset\raw\NonViolence\NV_91.mp4,0,NonViolence
c:\Users\Baivab Bhusal\OneDrive\Desktop\visionGuard\aiEngine\src\..\dataset\raw\NonViolence\NV_255.mp4,0,NonViolence
c:\Users\Baivab Bhusal\OneDrive\Desktop\visionGuard\aiEngine\src\..\dataset\raw\Violence\V_848.mp4,1,Violence
c:\Users\Baivab Bhusal\OneDrive\Desktop\visionGuard\aiEngine\src\..\dataset\raw\Violence\V_994.mp4,1,Violence
c:\Users\Baivab Bhusal\OneDrive\Desktop\visionGuard\aiEngine\src\..\dataset\raw\NonViolence\NV_220.mp4,0,NonViolence
c:\Users\Baivab Bhusal\OneDrive\Desktop\visionGuard\aiEngine\src\..\dataset\raw\Violence\V_935.mp4,1,Violence
c:\Users\Baivab Bhusal\OneDrive\Desktop\visionGuard\aiEngine\src\..\dataset\raw\NonViolence\NV_884.avi,0,NonViolence
c:\Users\Baivab Bhusal\OneDrive\Desktop\visionGuard\aiEngine\src\..\dataset\raw\NonViolence\NV_158.mp4,0,NonViolence
c:\Users\Baivab Bhusal\OneDrive\Desktop\visionGuard\aiEngine\src\..\dataset\raw\Violence\V_409.mp4,1,Violence
c:\Users\Baivab Bhusal\OneDrive\Desktop\visionGuard\aiEngine\src\..\dataset\raw\Violence\V_823.mp4,1,Violence
c:\Users\Baivab Bhusal\OneDrive\Desktop\visionGuard\aiEngine\src\..\dataset\raw\NonViolence\NV_598.mp4,0,NonViolence
c:\Users\Baivab Bhusal\OneDrive\Desktop\visionGuard\aiEngine\src\..\dataset\raw\NonViolence\NV_109.mp4,0,NonViolence
c:\Users\Baivab Bhusal\OneDrive\Desktop\visionGuard\aiEngine\src\..\dataset\raw\NonViolence\NV_917.mp4,0,NonViolence
c:\Users\Baivab Bhusal\OneDrive\Desktop\visionGuard\aiEngine\src\..\dataset\raw\NonViolence\NV_733.mp4,0,NonViolence
c:\Users\Baivab Bhusal\OneDrive\Desktop\visionGuard\aiEngine\src\..\dataset\raw\Violence\V_604.mp4,1,Violence
c:\Users\Baivab Bhusal\OneDrive\Desktop\visionGuard\aiEngine\src\..\dataset\raw\NonViolence\NV_918.mp4,0,NonViolence
c:\Users\Baivab Bhusal\OneDrive\Desktop\visionGuard\aiEngine\src\..\dataset\raw\NonViolence\NV_539.mp4,0,NonViolence
c:\Users\Baivab Bhusal\OneDrive\Desktop\visionGuard\aiEngine\src\..\dataset\raw\Violence\V_903.mp4,1,Violence
c:\Users\Baivab Bhusal\OneDrive\Desktop\visionGuard\aiEngine\src\..\dataset\raw\NonViolence\NV_566.mp4,0,NonViolence
c:\Users\Baivab Bhusal\OneDrive\Desktop\visionGuard\aiEngine\src\..\dataset\raw\NonViolence\NV_228.mp4,0,NonViolence
c:\Users\Baivab Bhusal\OneDrive\Desktop\visionGuard\aiEngine\src\..\dataset\raw\NonViolence\NV_47.mp4,0,NonViolence
c:\Users\Baivab Bhusal\OneDrive\Desktop\visionGuard\aiEngine\src\..\dataset\raw\NonViolence\NV_354.mp4,0,NonViolence
c:\Users\Baivab Bhusal\OneDrive\Desktop\visionGuard\aiEngine\src\..\dataset\raw\NonViolence\NV_640.mp4,0,NonViolence
c:\Users\Baivab Bhusal\OneDrive\Desktop\visionGuard\aiEngine\src\..\dataset\raw\NonViolence\NV_822.mp4,0,NonViolence
c:\Users\Baivab Bhusal\OneDrive\Desktop\visionGuard\aiEngine\src\..\dataset\raw\Violence\V_792.mp4,1,Violence
c:\Users\Baivab Bhusal\OneDrive\Desktop\visionGuard\aiEngine\src\..\dataset\raw\NonViolence\NV_313.mp4,0,NonViolence
c:\Users\Baivab Bhusal\OneDrive\Desktop\visionGuard\aiEngine\src\..\dataset\raw\NonViolence\NV_19.mp4,0,NonViolence
c:\Users\Baivab Bhusal\OneDrive\Desktop\visionGuard\aiEngine\src\..\dataset\raw\NonViolence\NV_882.avi,0,NonViolence
c:\Users\Baivab Bhusal\OneDrive\Desktop\visionGuard\aiEngine\src\..\dataset\raw\NonViolence\NV_305.mp4,0,NonViolence
c:\Users\Baivab Bhusal\OneDrive\Desktop\visionGuard\aiEngine\src\..\dataset\raw\NonViolence\NV_771.mp4,0,NonViolence
c:\Users\Baivab Bhusal\OneDrive\Desktop\visionGuard\aiEngine\src\..\dataset\raw\Violence\V_783.mp4,1,Violence
c:\Users\Baivab Bhusal\OneDrive\Desktop\visionGuard\aiEngine\src\..\dataset\raw\Violence\V_894.mp4,1,Violence
c:\Users\Baivab Bhusal\OneDrive\Desktop\visionGuard\aiEngine\src\..\dataset\raw\NonViolence\NV_121.mp4,0,NonViolence
c:\Users\Baivab Bhusal\OneDrive\Desktop\visionGuard\aiEngine\src\..\dataset\raw\NonViolence\NV_530.mp4,0,NonViolence
c:\Users\Baivab Bhusal\OneDrive\Desktop\visionGuard\aiEngine\src\..\dataset\raw\NonViolence\NV_797.mp4,0,NonViolence
c:\Users\Baivab Bhusal\OneDrive\Desktop\visionGuard\aiEngine\src\..\dataset\raw\NonViolence\NV_167.mp4,0,NonViolence
c:\Users\Baivab Bhusal\OneDrive\Desktop\visionGuard\aiEngine\src\..\dataset\raw\Violence\V_974.mp4,1,Violence
c:\Users\Baivab Bhusal\OneDrive\Desktop\visionGuard\aiEngine\src\..\dataset\raw\NonViolence\NV_455.mp4,0,NonViolence
c:\Users\Baivab Bhusal\OneDrive\Desktop\visionGuard\aiEngine\src\..\dataset\raw\Violence\V_270.mp4,1,Violence
c:\Users\Baivab Bhusal\OneDrive\Desktop\visionGuard\aiEngine\src\..\dataset\raw\NonViolence\NV_409.mp4,0,NonViolence
c:\Users\Baivab Bhusal\OneDrive\Desktop\visionGuard\aiEngine\src\..\dataset\raw\Violence\V_57.mp4,1,Violence
c:\Users\Baivab Bhusal\OneDrive\Desktop\visionGuard\aiEngine\src\..\dataset\raw\NonViolence\NV_653.mp4,0,NonViolence
c:\Users\Baivab Bhusal\OneDrive\Desktop\visionGuard\aiEngine\src\..\dataset\raw\NonViolence\NV_86.mp4,0,NonViolence
c:\Users\Baivab Bhusal\OneDrive\Desktop\visionGuard\aiEngine\src\..\dataset\raw\Violence\V_573.mp4,1,Violence
c:\Users\Baivab Bhusal\OneDrive\Desktop\visionGuard\aiEngine\src\..\dataset\raw\Violence\V_983.mp4,1,Violence
c:\Users\Baivab Bhusal\OneDrive\Desktop\visionGuard\aiEngine\src\..\dataset\raw\Violence\V_442.mp4,1,Violence
c:\Users\Baivab Bhusal\OneDrive\Desktop\visionGuard\aiEngine\src\..\dataset\raw\Violence\V_829.mp4,1,Violence
c:\Users\Baivab Bhusal\OneDrive\Desktop\visionGuard\aiEngine\src\..\dataset\raw\NonViolence\NV_958.mp4,0,NonViolence
c:\Users\Baivab Bhusal\OneDrive\Desktop\visionGuard\aiEngine\src\..\dataset\raw\Violence\V_179.mp4,1,Violence
c:\Users\Baivab Bhusal\OneDrive\Desktop\visionGuard\aiEngine\src\..\dataset\raw\NonViolence\NV_450.mp4,0,NonViolence
c:\Users\Baivab Bhusal\OneDrive\Desktop\visionGuard\aiEngine\src\..\dataset\raw\NonViolence\NV_946.mp4,0,NonViolence
c:\Users\Baivab Bhusal\OneDrive\Desktop\visionGuard\aiEngine\src\..\dataset\raw\Violence\V_583.mp4,1,Violence
c:\Users\Baivab Bhusal\OneDrive\Desktop\visionGuard\aiEngine\src\..\dataset\raw\Violence\V_389.mp4,1,Violence
c:\Users\Baivab Bhusal\OneDrive\Desktop\visionGuard\aiEngine\src\..\dataset\raw\NonViolence\NV_612.mp4,0,NonViolence
c:\Users\Baivab Bhusal\OneDrive\Desktop\visionGuard\aiEngine\src\..\dataset\raw\NonViolence\NV_476.mp4,0,NonViolence
c:\Users\Baivab Bhusal\OneDrive\Desktop\visionGuard\aiEngine\src\..\dataset\raw\Violence\V_799.mp4,1,Violence
c:\Users\Baivab Bhusal\OneDrive\Desktop\visionGuard\aiEngine\src\..\dataset\raw\Violence\V_839.mp4,1,Violence
c:\Users\Baivab Bhusal\OneDrive\Desktop\visionGuard\aiEngine\src\..\dataset\raw\NonViolence\NV_995.mp4,0,NonViolence
c:\Users\Baivab Bhusal\OneDrive\Desktop\visionGuard\aiEngine\src\..\dataset\raw\NonViolence\NV_404.mp4,0,NonViolence
c:\Users\Baivab Bhusal\OneDrive\Desktop\visionGuard\aiEngine\src\..\dataset\raw\NonViolence\NV_659.mp4,0,NonViolence
c:\Users\Baivab Bhusal\OneDrive\Desktop\visionGuard\aiEngine\src\..\dataset\raw\Violence\V_675.mp4,1,Violence
c:\Users\Baivab Bhusal\OneDrive\Desktop\visionGuard\aiEngine\src\..\dataset\raw\Violence\V_938.mp4,1,Violence
c:\Users\Baivab Bhusal\OneDrive\Desktop\visionGuard\aiEngine\src\..\dataset\raw\NonViolence\NV_445.mp4,0,NonViolence
c:\Users\Baivab Bhusal\OneDrive\Desktop\visionGuard\aiEngine\src\..\dataset\raw\Violence\V_349.mp4,1,Violence
c:\Users\Baivab Bhusal\OneDrive\Desktop\visionGuard\aiEngine\src\..\dataset\raw\NonViolence\NV_44.mp4,0,NonViolence
c:\Users\Baivab Bhusal\OneDrive\Desktop\visionGuard\aiEngine\src\..\dataset\raw\Violence\V_547.mp4,1,Violence
c:\Users\Baivab Bhusal\OneDrive\Desktop\visionGuard\aiEngine\src\..\dataset\raw\NonViolence\NV_828.mp4,0,NonViolence
c:\Users\Baivab Bhusal\OneDrive\Desktop\visionGuard\aiEngine\src\..\dataset\raw\NonViolence\NV_395.mp4,0,NonViolence
c:\Users\Baivab Bhusal\OneDrive\Desktop\visionGuard\aiEngine\src\..\dataset\raw\Violence\V_161.mp4,1,Violence
c:\Users\Baivab Bhusal\OneDrive\Desktop\visionGuard\aiEngine\src\..\dataset\raw\NonViolence\NV_813.mp4,0,NonViolence
c:\Users\Baivab Bhusal\OneDrive\Desktop\visionGuard\aiEngine\src\..\dataset\raw\Violence\V_939.mp4,1,Violence
c:\Users\Baivab Bhusal\OneDrive\Desktop\visionGuard\aiEngine\src\..\dataset\raw\Violence\V_443.mp4,1,Violence
c:\Users\Baivab Bhusal\OneDrive\Desktop\visionGuard\aiEngine\src\..\dataset\raw\NonViolence\NV_212.mp4,0,NonViolence
c:\Users\Baivab Bhusal\OneDrive\Desktop\visionGuard\aiEngine\src\..\dataset\raw\Violence\V_970.mp4,1,Violence
c:\Users\Baivab Bhusal\OneDrive\Desktop\visionGuard\aiEngine\src\..\dataset\raw\NonViolence\NV_1000.mp4,0,NonViolence
c:\Users\Baivab Bhusal\OneDrive\Desktop\visionGuard\aiEngine\src\..\dataset\raw\NonViolence\NV_441.mp4,0,NonViolence
c:\Users\Baivab Bhusal\OneDrive\Desktop\visionGuard\aiEngine\src\..\dataset\raw\Violence\V_108.mp4,1,Violence
c:\Users\Baivab Bhusal\OneDrive\Desktop\visionGuard\aiEngine\src\..\dataset\raw\Violence\V_860.mp4,1,Violence
c:\Users\Baivab Bhusal\OneDrive\Desktop\visionGuard\aiEngine\src\..\dataset\raw\Violence\V_946.mp4,1,Violence
c:\Users\Baivab Bhusal\OneDrive\Desktop\visionGuard\aiEngine\src\..\dataset\raw\Violence\V_921.mp4,1,Violence
c:\Users\Baivab Bhusal\OneDrive\Desktop\visionGuard\aiEngine\src\..\dataset\raw\NonViolence\NV_862.mp4,0,NonViolence
c:\Users\Baivab Bhusal\OneDrive\Desktop\visionGuard\aiEngine\src\..\dataset\raw\Violence\V_231.mp4,1,Violence
c:\Users\Baivab Bhusal\OneDrive\Desktop\visionGuard\aiEngine\src\..\dataset\raw\Violence\V_976.mp4,1,Violence
c:\Users\Baivab Bhusal\OneDrive\Desktop\visionGuard\aiEngine\src\..\dataset\raw\Violence\V_19.mp4,1,Violence
c:\Users\Baivab Bhusal\OneDrive\Desktop\visionGuard\aiEngine\src\..\dataset\raw\Violence\V_580.mp4,1,Violence
c:\Users\Baivab Bhusal\OneDrive\Desktop\visionGuard\aiEngine\src\..\dataset\raw\NonViolence\NV_782.mp4,0,NonViolence
c:\Users\Baivab Bhusal\OneDrive\Desktop\visionGuard\aiEngine\src\..\dataset\raw\Violence\V_205.mp4,1,Violence
c:\Users\Baivab Bhusal\OneDrive\Desktop\visionGuard\aiEngine\src\..\dataset\raw\Violence\V_488.mp4,1,Violence
c:\Users\Baivab Bhusal\OneDrive\Desktop\visionGuard\aiEngine\src\..\dataset\raw\NonViolence\NV_923.mp4,0,NonViolence
c:\Users\Baivab Bhusal\OneDrive\Desktop\visionGuard\aiEngine\src\..\dataset\raw\Violence\V_430.mp4,1,Violence
c:\Users\Baivab Bhusal\OneDrive\Desktop\visionGuard\aiEngine\src\..\dataset\raw\NonViolence\NV_785.mp4,0,NonViolence
c:\Users\Baivab Bhusal\OneDrive\Desktop\visionGuard\aiEngine\src\..\dataset\raw\Violence\V_628.mp4,1,Violence
c:\Users\Baivab Bhusal\OneDrive\Desktop\visionGuard\aiEngine\src\..\dataset\raw\Violence\V_260.mp4,1,Violence
c:\Users\Baivab Bhusal\OneDrive\Desktop\visionGuard\aiEngine\src\..\dataset\raw\NonViolence\NV_249.mp4,0,NonViolence
c:\Users\Baivab Bhusal\OneDrive\Desktop\visionGuard\aiEngine\src\..\dataset\raw\NonViolence\NV_284.mp4,0,NonViolence
c:\Users\Baivab Bhusal\OneDrive\Desktop\visionGuard\aiEngine\src\..\dataset\raw\NonViolence\NV_874.avi,0,NonViolence
c:\Users\Baivab Bhusal\OneDrive\Desktop\visionGuard\aiEngine\src\..\dataset\raw\NonViolence\NV_467.mp4,0,NonViolence
c:\Users\Baivab Bhusal\OneDrive\Desktop\visionGuard\aiEngine\src\..\dataset\raw\NonViolence\NV_920.mp4,0,NonViolence
c:\Users\Baivab Bhusal\OneDrive\Desktop\visionGuard\aiEngine\src\..\dataset\raw\NonViolence\NV_98.mp4,0,NonViolence
c:\Users\Baivab Bhusal\OneDrive\Desktop\visionGuard\aiEngine\src\..\dataset\raw\Violence\V_765.mp4,1,Violence
c:\Users\Baivab Bhusal\OneDrive\Desktop\visionGuard\aiEngine\src\..\dataset\raw\Violence\V_893.mp4,1,Violence
c:\Users\Baivab Bhusal\OneDrive\Desktop\visionGuard\aiEngine\src\..\dataset\raw\NonViolence\NV_227.mp4,0,NonViolence
c:\Users\Baivab Bhusal\OneDrive\Desktop\visionGuard\aiEngine\src\..\dataset\raw\NonViolence\NV_279.mp4,0,NonViolence
c:\Users\Baivab Bhusal\OneDrive\Desktop\visionGuard\aiEngine\src\..\dataset\raw\Violence\V_761.mp4,1,Violence
c:\Users\Baivab Bhusal\OneDrive\Desktop\visionGuard\aiEngine\src\..\dataset\raw\Violence\V_909.mp4,1,Violence
c:\Users\Baivab Bhusal\OneDrive\Desktop\visionGuard\aiEngine\src\..\dataset\raw\NonViolence\NV_983.mp4,0,NonViolence
c:\Users\Baivab Bhusal\OneDrive\Desktop\visionGuard\aiEngine\src\..\dataset\raw\Violence\V_93.mp4,1,Violence
c:\Users\Baivab Bhusal\OneDrive\Desktop\visionGuard\aiEngine\src\..\dataset\raw\NonViolence\NV_680.mp4,0,NonViolence
c:\Users\Baivab Bhusal\OneDrive\Desktop\visionGuard\aiEngine\src\..\dataset\raw\NonViolence\NV_940.mp4,0,NonViolence
c:\Users\Baivab Bhusal\OneDrive\Desktop\visionGuard\aiEngine\src\..\dataset\raw\NonViolence\NV_974.mp4,0,NonViolence
c:\Users\Baivab Bhusal\OneDrive\Desktop\visionGuard\aiEngine\src\..\dataset\raw\NonViolence\NV_637.mp4,0,NonViolence
c:\Users\Baivab Bhusal\OneDrive\Desktop\visionGuard\aiEngine\src\..\dataset\raw\NonViolence\NV_754.mp4,0,NonViolence
c:\Users\Baivab Bhusal\OneDrive\Desktop\visionGuard\aiEngine\src\..\dataset\raw\NonViolence\NV_827.mp4,0,NonViolence
c:\Users\Baivab Bhusal\OneDrive\Desktop\visionGuard\aiEngine\src\..\dataset\raw\NonViolence\NV_338.mp4,0,NonViolence
c:\Users\Baivab Bhusal\OneDrive\Desktop\visionGuard\aiEngine\src\..\dataset\raw\NonViolence\NV_954.mp4,0,NonViolence
c:\Users\Baivab Bhusal\OneDrive\Desktop\visionGuard\aiEngine\src\..\dataset\raw\Violence\V_370.mp4,1,Violence
c:\Users\Baivab Bhusal\OneDrive\Desktop\visionGuard\aiEngine\src\..\dataset\raw\NonViolence\NV_930.mp4,0,NonViolence
c:\Users\Baivab Bhusal\OneDrive\Desktop\visionGuard\aiEngine\src\..\dataset\raw\NonViolence\NV_807.mp4,0,NonViolence
c:\Users\Baivab Bhusal\OneDrive\Desktop\visionGuard\aiEngine\src\..\dataset\raw\NonViolence\NV_312.mp4,0,NonViolence
c:\Users\Baivab Bhusal\OneDrive\Desktop\visionGuard\aiEngine\src\..\dataset\raw\NonViolence\NV_683.mp4,0,NonViolence
c:\Users\Baivab Bhusal\OneDrive\Desktop\visionGuard\aiEngine\src\..\dataset\raw\Violence\V_999.mp4,1,Violence
c:\Users\Baivab Bhusal\OneDrive\Desktop\visionGuard\aiEngine\src\..\dataset\raw\Violence\V_159.mp4,1,Violence
c:\Users\Baivab Bhusal\OneDrive\Desktop\visionGuard\aiEngine\src\..\dataset\raw\NonViolence\NV_89.mp4,0,NonViolence
c:\Users\Baivab Bhusal\OneDrive\Desktop\visionGuard\aiEngine\src\..\dataset\raw\Violence\V_503.mp4,1,Violence
c:\Users\Baivab Bhusal\OneDrive\Desktop\visionGuard\aiEngine\src\..\dataset\raw\Violence\V_268.mp4,1,Violence
c:\Users\Baivab Bhusal\OneDrive\Desktop\visionGuard\aiEngine\src\..\dataset\raw\Violence\V_101.mp4,1,Violence
c:\Users\Baivab Bhusal\OneDrive\Desktop\visionGuard\aiEngine\src\..\dataset\raw\NonViolence\NV_416.mp4,0,NonViolence
c:\Users\Baivab Bhusal\OneDrive\Desktop\visionGuard\aiEngine\src\..\dataset\raw\Violence\V_719.mp4,1,Violence
c:\Users\Baivab Bhusal\OneDrive\Desktop\visionGuard\aiEngine\src\..\dataset\raw\Violence\V_657.mp4,1,Violence
c:\Users\Baivab Bhusal\OneDrive\Desktop\visionGuard\aiEngine\src\..\dataset\raw\NonViolence\NV_296.mp4,0,NonViolence
c:\Users\Baivab Bhusal\OneDrive\Desktop\visionGuard\aiEngine\src\..\dataset\raw\Violence\V_271.mp4,1,Violence
c:\Users\Baivab Bhusal\OneDrive\Desktop\visionGuard\aiEngine\src\..\dataset\raw\NonViolence\NV_50.mp4,0,NonViolence
c:\Users\Baivab Bhusal\OneDrive\Desktop\visionGuard\aiEngine\src\..\dataset\raw\Violence\V_888.mp4,1,Violence
c:\Users\Baivab Bhusal\OneDrive\Desktop\visionGuard\aiEngine\src\..\dataset\raw\NonViolence\NV_62.mp4,0,NonViolence
c:\Users\Baivab Bhusal\OneDrive\Desktop\visionGuard\aiEngine\src\..\dataset\raw\NonViolence\NV_18.mp4,0,NonViolence
c:\Users\Baivab Bhusal\OneDrive\Desktop\visionGuard\aiEngine\src\..\dataset\raw\Violence\V_242.mp4,1,Violence
c:\Users\Baivab Bhusal\OneDrive\Desktop\visionGuard\aiEngine\src\..\dataset\raw\Violence\V_432.mp4,1,Violence
c:\Users\Baivab Bhusal\OneDrive\Desktop\visionGuard\aiEngine\src\..\dataset\raw\NonViolence\NV_878.avi,0,NonViolence
c:\Users\Baivab Bhusal\OneDrive\Desktop\visionGuard\aiEngine\src\..\dataset\raw\NonViolence\NV_352.mp4,0,NonViolence
c:\Users\Baivab Bhusal\OneDrive\Desktop\visionGuard\aiEngine\src\..\dataset\raw\NonViolence\NV_500.mp4,0,NonViolence
c:\Users\Baivab Bhusal\OneDrive\Desktop\visionGuard\aiEngine\src\..\dataset\raw\NonViolence\NV_658.mp4,0,NonViolence
c:\Users\Baivab Bhusal\OneDrive\Desktop\visionGuard\aiEngine\src\..\dataset\raw\Violence\V_750.mp4,1,Violence
c:\Users\Baivab Bhusal\OneDrive\Desktop\visionGuard\aiEngine\src\..\dataset\raw\NonViolence\NV_966.mp4,0,NonViolence
c:\Users\Baivab Bhusal\OneDrive\Desktop\visionGuard\aiEngine\src\..\dataset\raw\NonViolence\NV_550.mp4,0,NonViolence
c:\Users\Baivab Bhusal\OneDrive\Desktop\visionGuard\aiEngine\src\..\dataset\raw\Violence\V_697.mp4,1,Violence
c:\Users\Baivab Bhusal\OneDrive\Desktop\visionGuard\aiEngine\src\..\dataset\raw\NonViolence\NV_413.mp4,0,NonViolence
c:\Users\Baivab Bhusal\OneDrive\Desktop\visionGuard\aiEngine\src\..\dataset\raw\NonViolence\NV_586.mp4,0,NonViolence
c:\Users\Baivab Bhusal\OneDrive\Desktop\visionGuard\aiEngine\src\..\dataset\raw\NonViolence\NV_517.mp4,0,NonViolence
c:\Users\Baivab Bhusal\OneDrive\Desktop\visionGuard\aiEngine\src\..\dataset\raw\Violence\V_668.mp4,1,Violence
c:\Users\Baivab Bhusal\OneDrive\Desktop\visionGuard\aiEngine\src\..\dataset\raw\NonViolence\NV_561.mp4,0,NonViolence
c:\Users\Baivab Bhusal\OneDrive\Desktop\visionGuard\aiEngine\src\..\dataset\raw\NonViolence\NV_95.mp4,0,NonViolence
c:\Users\Baivab Bhusal\OneDrive\Desktop\visionGuard\aiEngine\src\..\dataset\raw\NonViolence\NV_687.mp4,0,NonViolence
c:\Users\Baivab Bhusal\OneDrive\Desktop\visionGuard\aiEngine\src\..\dataset\raw\NonViolence\NV_318.mp4,0,NonViolence
c:\Users\Baivab Bhusal\OneDrive\Desktop\visionGuard\aiEngine\src\..\dataset\raw\Violence\V_927.mp4,1,Violence
c:\Users\Baivab Bhusal\OneDrive\Desktop\visionGuard\aiEngine\src\..\dataset\raw\NonViolence\NV_321.mp4,0,NonViolence
c:\Users\Baivab Bhusal\OneDrive\Desktop\visionGuard\aiEngine\src\..\dataset\raw\NonViolence\NV_808.mp4,0,NonViolence
c:\Users\Baivab Bhusal\OneDrive\Desktop\visionGuard\aiEngine\src\..\dataset\raw\NonViolence\NV_446.mp4,0,NonViolence
c:\Users\Baivab Bhusal\OneDrive\Desktop\visionGuard\aiEngine\src\..\dataset\raw\Violence\V_640.mp4,1,Violence
c:\Users\Baivab Bhusal\OneDrive\Desktop\visionGuard\aiEngine\src\..\dataset\raw\Violence\V_267.mp4,1,Violence
c:\Users\Baivab Bhusal\OneDrive\Desktop\visionGuard\aiEngine\src\..\dataset\raw\NonViolence\NV_516.mp4,0,NonViolence
c:\Users\Baivab Bhusal\OneDrive\Desktop\visionGuard\aiEngine\src\..\dataset\raw\NonViolence\NV_332.mp4,0,NonViolence
c:\Users\Baivab Bhusal\OneDrive\Desktop\visionGuard\aiEngine\src\..\dataset\raw\Violence\V_770.mp4,1,Violence
c:\Users\Baivab Bhusal\OneDrive\Desktop\visionGuard\aiEngine\src\..\dataset\raw\Violence\V_274.mp4,1,Violence
c:\Users\Baivab Bhusal\OneDrive\Desktop\visionGuard\aiEngine\src\..\dataset\raw\NonViolence\NV_114.mp4,0,NonViolence
c:\Users\Baivab Bhusal\OneDrive\Desktop\visionGuard\aiEngine\src\..\dataset\raw\NonViolence\NV_665.mp4,0,NonViolence
c:\Users\Baivab Bhusal\OneDrive\Desktop\visionGuard\aiEngine\src\..\dataset\raw\NonViolence\NV_218.mp4,0,NonViolence
c:\Users\Baivab Bhusal\OneDrive\Desktop\visionGuard\aiEngine\src\..\dataset\raw\NonViolence\NV_674.mp4,0,NonViolence
c:\Users\Baivab Bhusal\OneDrive\Desktop\visionGuard\aiEngine\src\..\dataset\raw\NonViolence\NV_527.mp4,0,NonViolence
c:\Users\Baivab Bhusal\OneDrive\Desktop\visionGuard\aiEngine\src\..\dataset\raw\Violence\V_245.mp4,1,Violence
c:\Users\Baivab Bhusal\OneDrive\Desktop\visionGuard\aiEngine\src\..\dataset\raw\NonViolence\NV_242.mp4,0,NonViolence
c:\Users\Baivab Bhusal\OneDrive\Desktop\visionGuard\aiEngine\src\..\dataset\raw\NonViolence\NV_704.mp4,0,NonViolence
c:\Users\Baivab Bhusal\OneDrive\Desktop\visionGuard\aiEngine\src\..\dataset\raw\Violence\V_518.mp4,1,Violence
c:\Users\Baivab Bhusal\OneDrive\Desktop\visionGuard\aiEngine\src\..\dataset\raw\NonViolence\NV_777.mp4,0,NonViolence
c:\Users\Baivab Bhusal\OneDrive\Desktop\visionGuard\aiEngine\src\..\dataset\raw\Violence\V_210.mp4,1,Violence
c:\Users\Baivab Bhusal\OneDrive\Desktop\visionGuard\aiEngine\src\..\dataset\raw\NonViolence\NV_741.mp4,0,NonViolence
c:\Users\Baivab Bhusal\OneDrive\Desktop\visionGuard\aiEngine\src\..\dataset\raw\Violence\V_153.mp4,1,Violence
c:\Users\Baivab Bhusal\OneDrive\Desktop\visionGuard\aiEngine\src\..\dataset\raw\Violence\V_537.mp4,1,Violence
c:\Users\Baivab Bhusal\OneDrive\Desktop\visionGuard\aiEngine\src\..\dataset\raw\NonViolence\NV_21.mp4,0,NonViolence
c:\Users\Baivab Bhusal\OneDrive\Desktop\visionGuard\aiEngine\src\..\dataset\raw\NonViolence\NV_118.mp4,0,NonViolence
c:\Users\Baivab Bhusal\OneDrive\Desktop\visionGuard\aiEngine\src\..\dataset\raw\Violence\V_2.mp4,1,Violence
c:\Users\Baivab Bhusal\OneDrive\Desktop\visionGuard\aiEngine\src\..\dataset\raw\Violence\V_729.mp4,1,Violence
c:\Users\Baivab Bhusal\OneDrive\Desktop\visionGuard\aiEngine\src\..\dataset\raw\Violence\V_732.mp4,1,Violence
c:\Users\Baivab Bhusal\OneDrive\Desktop\visionGuard\aiEngine\src\..\dataset\raw\Violence\V_800.mp4,1,Violence
c:\Users\Baivab Bhusal\OneDrive\Desktop\visionGuard\aiEngine\src\..\dataset\raw\Violence\V_801.mp4,1,Violence
c:\Users\Baivab Bhusal\OneDrive\Desktop\visionGuard\aiEngine\src\..\dataset\raw\Violence\V_997.mp4,1,Violence
c:\Users\Baivab Bhusal\OneDrive\Desktop\visionGuard\aiEngine\src\..\dataset\raw\Violence\V_779.mp4,1,Violence
c:\Users\Baivab Bhusal\OneDrive\Desktop\visionGuard\aiEngine\src\..\dataset\raw\NonViolence\NV_953.mp4,0,NonViolence
c:\Users\Baivab Bhusal\OneDrive\Desktop\visionGuard\aiEngine\src\..\dataset\raw\NonViolence\NV_844.mp4,0,NonViolence
c:\Users\Baivab Bhusal\OneDrive\Desktop\visionGuard\aiEngine\src\..\dataset\raw\NonViolence\NV_112.mp4,0,NonViolence
c:\Users\Baivab Bhusal\OneDrive\Desktop\visionGuard\aiEngine\src\..\dataset\raw\NonViolence\NV_77.mp4,0,NonViolence
c:\Users\Baivab Bhusal\OneDrive\Desktop\visionGuard\aiEngine\src\..\dataset\raw\NonViolence\NV_216.mp4,0,NonViolence
c:\Users\Baivab Bhusal\OneDrive\Desktop\visionGuard\aiEngine\src\..\dataset\raw\Violence\V_473.mp4,1,Violence
c:\Users\Baivab Bhusal\OneDrive\Desktop\visionGuard\aiEngine\src\..\dataset\raw\NonViolence\NV_452.mp4,0,NonViolence
c:\Users\Baivab Bhusal\OneDrive\Desktop\visionGuard\aiEngine\src\..\dataset\raw\Violence\V_956.mp4,1,Violence
c:\Users\Baivab Bhusal\OneDrive\Desktop\visionGuard\aiEngine\src\..\dataset\raw\NonViolence\NV_17.mp4,0,NonViolence
c:\Users\Baivab Bhusal\OneDrive\Desktop\visionGuard\aiEngine\src\..\dataset\raw\Violence\V_601.mp4,1,Violence
c:\Users\Baivab Bhusal\OneDrive\Desktop\visionGuard\aiEngine\src\..\dataset\raw\Violence\V_211.mp4,1,Violence
c:\Users\Baivab Bhusal\OneDrive\Desktop\visionGuard\aiEngine\src\..\dataset\raw\Violence\V_996.mp4,1,Violence
c:\Users\Baivab Bhusal\OneDrive\Desktop\visionGuard\aiEngine\src\..\dataset\raw\Violence\V_415.mp4,1,Violence
c:\Users\Baivab Bhusal\OneDrive\Desktop\visionGuard\aiEngine\src\..\dataset\raw\NonViolence\NV_819.mp4,0,NonViolence
c:\Users\Baivab Bhusal\OneDrive\Desktop\visionGuard\aiEngine\src\..\dataset\raw\NonViolence\NV_661.mp4,0,NonViolence
c:\Users\Baivab Bhusal\OneDrive\Desktop\visionGuard\aiEngine\src\..\dataset\raw\Violence\V_315.mp4,1,Violence
c:\Users\Baivab Bhusal\OneDrive\Desktop\visionGuard\aiEngine\src\..\dataset\raw\Violence\V_575.mp4,1,Violence
c:\Users\Baivab Bhusal\OneDrive\Desktop\visionGuard\aiEngine\src\..\dataset\raw\NonViolence\NV_734.mp4,0,NonViolence
c:\Users\Baivab Bhusal\OneDrive\Desktop\visionGuard\aiEngine\src\..\dataset\raw\NonViolence\NV_490.mp4,0,NonViolence
c:\Users\Baivab Bhusal\OneDrive\Desktop\visionGuard\aiEngine\src\..\dataset\raw\Violence\V_90.mp4,1,Violence
c:\Users\Baivab Bhusal\OneDrive\Desktop\visionGuard\aiEngine\src\..\dataset\raw\Violence\V_655.mp4,1,Violence
c:\Users\Baivab Bhusal\OneDrive\Desktop\visionGuard\aiEngine\src\..\dataset\raw\NonViolence\NV_636.mp4,0,NonViolence
c:\Users\Baivab Bhusal\OneDrive\Desktop\visionGuard\aiEngine\src\..\dataset\raw\Violence\V_95.mp4,1,Violence
c:\Users\Baivab Bhusal\OneDrive\Desktop\visionGuard\aiEngine\src\..\dataset\raw\Violence\V_949.mp4,1,Violence
c:\Users\Baivab Bhusal\OneDrive\Desktop\visionGuard\aiEngine\src\..\dataset\raw\NonViolence\NV_9.mp4,0,NonViolence
c:\Users\Baivab Bhusal\OneDrive\Desktop\visionGuard\aiEngine\src\..\dataset\raw\NonViolence\NV_519.mp4,0,NonViolence
c:\Users\Baivab Bhusal\OneDrive\Desktop\visionGuard\aiEngine\src\..\dataset\raw\NonViolence\NV_746.mp4,0,NonViolence
c:\Users\Baivab Bhusal\OneDrive\Desktop\visionGuard\aiEngine\src\..\dataset\raw\Violence\V_66.mp4,1,Violence
c:\Users\Baivab Bhusal\OneDrive\Desktop\visionGuard\aiEngine\src\..\dataset\raw\Violence\V_572.mp4,1,Violence
c:\Users\Baivab Bhusal\OneDrive\Desktop\visionGuard\aiEngine\src\..\dataset\raw\Violence\V_393.mp4,1,Violence
c:\Users\Baivab Bhusal\OneDrive\Desktop\visionGuard\aiEngine\src\..\dataset\raw\NonViolence\NV_124.mp4,0,NonViolence
c:\Users\Baivab Bhusal\OneDrive\Desktop\visionGuard\aiEngine\src\..\dataset\raw\NonViolence\NV_151.mp4,0,NonViolence
c:\Users\Baivab Bhusal\OneDrive\Desktop\visionGuard\aiEngine\src\..\dataset\raw\Violence\V_293.mp4,1,Violence
c:\Users\Baivab Bhusal\OneDrive\Desktop\visionGuard\aiEngine\src\..\dataset\raw\Violence\V_383.mp4,1,Violence
c:\Users\Baivab Bhusal\OneDrive\Desktop\visionGuard\aiEngine\src\..\dataset\raw\Violence\V_116.mp4,1,Violence
c:\Users\Baivab Bhusal\OneDrive\Desktop\visionGuard\aiEngine\src\..\dataset\raw\Violence\V_980.mp4,1,Violence
c:\Users\Baivab Bhusal\OneDrive\Desktop\visionGuard\aiEngine\src\..\dataset\raw\Violence\V_182.mp4,1,Violence
c:\Users\Baivab Bhusal\OneDrive\Desktop\visionGuard\aiEngine\src\..\dataset\raw\Violence\V_17.mp4,1,Violence
c:\Users\Baivab Bhusal\OneDrive\Desktop\visionGuard\aiEngine\src\..\dataset\raw\NonViolence\NV_125.mp4,0,NonViolence
c:\Users\Baivab Bhusal\OneDrive\Desktop\visionGuard\aiEngine\src\..\dataset\raw\Violence\V_852.mp4,1,Violence
c:\Users\Baivab Bhusal\OneDrive\Desktop\visionGuard\aiEngine\src\..\dataset\raw\Violence\V_913.mp4,1,Violence
c:\Users\Baivab Bhusal\OneDrive\Desktop\visionGuard\aiEngine\src\..\dataset\raw\Violence\V_618.mp4,1,Violence
c:\Users\Baivab Bhusal\OneDrive\Desktop\visionGuard\aiEngine\src\..\dataset\raw\NonViolence\NV_439.mp4,0,NonViolence
c:\Users\Baivab Bhusal\OneDrive\Desktop\visionGuard\aiEngine\src\..\dataset\raw\Violence\V_923.mp4,1,Violence
c:\Users\Baivab Bhusal\OneDrive\Desktop\visionGuard\aiEngine\src\..\dataset\raw\NonViolence\NV_975.mp4,0,NonViolence
c:\Users\Baivab Bhusal\OneDrive\Desktop\visionGuard\aiEngine\src\..\dataset\raw\NonViolence\NV_557.mp4,0,NonViolence
c:\Users\Baivab Bhusal\OneDrive\Desktop\visionGuard\aiEngine\src\..\dataset\raw\Violence\V_6.mp4,1,Violence
c:\Users\Baivab Bhusal\OneDrive\Desktop\visionGuard\aiEngine\src\..\dataset\raw\Violence\V_137.mp4,1,Violence
c:\Users\Baivab Bhusal\OneDrive\Desktop\visionGuard\aiEngine\src\..\dataset\raw\Violence\V_3.mp4,1,Violence
c:\Users\Baivab Bhusal\OneDrive\Desktop\visionGuard\aiEngine\src\..\dataset\raw\NonViolence\NV_496.mp4,0,NonViolence
c:\Users\Baivab Bhusal\OneDrive\Desktop\visionGuard\aiEngine\src\..\dataset\raw\Violence\V_662.mp4,1,Violence
c:\Users\Baivab Bhusal\OneDrive\Desktop\visionGuard\aiEngine\src\..\dataset\raw\NonViolence\NV_602.avi,0,NonViolence
c:\Users\Baivab Bhusal\OneDrive\Desktop\visionGuard\aiEngine\src\..\dataset\raw\NonViolence\NV_347.mp4,0,NonViolence
c:\Users\Baivab Bhusal\OneDrive\Desktop\visionGuard\aiEngine\src\..\dataset\raw\NonViolence\NV_841.mp4,0,NonViolence
c:\Users\Baivab Bhusal\OneDrive\Desktop\visionGuard\aiEngine\src\..\dataset\raw\NonViolence\NV_969.mp4,0,NonViolence
c:\Users\Baivab Bhusal\OneDrive\Desktop\visionGuard\aiEngine\src\..\dataset\raw\Violence\V_748.mp4,1,Violence
c:\Users\Baivab Bhusal\OneDrive\Desktop\visionGuard\aiEngine\src\..\dataset\raw\Violence\V_520.mp4,1,Violence
c:\Users\Baivab Bhusal\OneDrive\Desktop\visionGuard\aiEngine\src\..\dataset\raw\NonViolence\NV_149.mp4,0,NonViolence
c:\Users\Baivab Bhusal\OneDrive\Desktop\visionGuard\aiEngine\src\..\dataset\raw\NonViolence\NV_716.mp4,0,NonViolence
c:\Users\Baivab Bhusal\OneDrive\Desktop\visionGuard\aiEngine\src\..\dataset\raw\NonViolence\NV_501.mp4,0,NonViolence
c:\Users\Baivab Bhusal\OneDrive\Desktop\visionGuard\aiEngine\src\..\dataset\raw\Violence\V_81.mp4,1,Violence
c:\Users\Baivab Bhusal\OneDrive\Desktop\visionGuard\aiEngine\src\..\dataset\raw\Violence\V_353.mp4,1,Violence
c:\Users\Baivab Bhusal\OneDrive\Desktop\visionGuard\aiEngine\src\..\dataset\raw\Violence\V_623.mp4,1,Violence
c:\Users\Baivab Bhusal\OneDrive\Desktop\visionGuard\aiEngine\src\..\dataset\raw\Violence\V_418.mp4,1,Violence
c:\Users\Baivab Bhusal\OneDrive\Desktop\visionGuard\aiEngine\src\..\dataset\raw\Violence\V_567.mp4,1,Violence
c:\Users\Baivab Bhusal\OneDrive\Desktop\visionGuard\aiEngine\src\..\dataset\raw\NonViolence\NV_333.mp4,0,NonViolence
c:\Users\Baivab Bhusal\OneDrive\Desktop\visionGuard\aiEngine\src\..\dataset\raw\NonViolence\NV_676.mp4,0,NonViolence
c:\Users\Baivab Bhusal\OneDrive\Desktop\visionGuard\aiEngine\src\..\dataset\raw\Violence\V_552.mp4,1,Violence
c:\Users\Baivab Bhusal\OneDrive\Desktop\visionGuard\aiEngine\src\..\dataset\raw\NonViolence\NV_388.mp4,0,NonViolence
c:\Users\Baivab Bhusal\OneDrive\Desktop\visionGuard\aiEngine\src\..\dataset\raw\Violence\V_696.mp4,1,Violence
c:\Users\Baivab Bhusal\OneDrive\Desktop\visionGuard\aiEngine\src\..\dataset\raw\Violence\V_80.mp4,1,Violence
c:\Users\Baivab Bhusal\OneDrive\Desktop\visionGuard\aiEngine\src\..\dataset\raw\NonViolence\NV_237.mp4,0,NonViolence
c:\Users\Baivab Bhusal\OneDrive\Desktop\visionGuard\aiEngine\src\..\dataset\raw\Violence\V_619.mp4,1,Violence
c:\Users\Baivab Bhusal\OneDrive\Desktop\visionGuard\aiEngine\src\..\dataset\raw\NonViolence\NV_485.mp4,0,NonViolence
c:\Users\Baivab Bhusal\OneDrive\Desktop\visionGuard\aiEngine\src\..\dataset\raw\Violence\V_771.mp4,1,Violence
c:\Users\Baivab Bhusal\OneDrive\Desktop\visionGuard\aiEngine\src\..\dataset\raw\Violence\V_79.mp4,1,Violence
c:\Users\Baivab Bhusal\OneDrive\Desktop\visionGuard\aiEngine\src\..\dataset\raw\NonViolence\NV_743.mp4,0,NonViolence
c:\Users\Baivab Bhusal\OneDrive\Desktop\visionGuard\aiEngine\src\..\dataset\raw\Violence\V_316.mp4,1,Violence
c:\Users\Baivab Bhusal\OneDrive\Desktop\visionGuard\aiEngine\src\..\dataset\raw\Violence\V_269.mp4,1,Violence
c:\Users\Baivab Bhusal\OneDrive\Desktop\visionGuard\aiEngine\src\..\dataset\raw\Violence\V_574.mp4,1,Violence
c:\Users\Baivab Bhusal\OneDrive\Desktop\visionGuard\aiEngine\src\..\dataset\raw\NonViolence\NV_851.mp4,0,NonViolence
c:\Users\Baivab Bhusal\OneDrive\Desktop\visionGuard\aiEngine\src\..\dataset\raw\NonViolence\NV_864.avi,0,NonViolence
c:\Users\Baivab Bhusal\OneDrive\Desktop\visionGuard\aiEngine\src\..\dataset\raw\NonViolence\NV_36.mp4,0,NonViolence
c:\Users\Baivab Bhusal\OneDrive\Desktop\visionGuard\aiEngine\src\..\dataset\raw\Violence\V_727.mp4,1,Violence
c:\Users\Baivab Bhusal\OneDrive\Desktop\visionGuard\aiEngine\src\..\dataset\raw\NonViolence\NV_270.mp4,0,NonViolence
c:\Users\Baivab Bhusal\OneDrive\Desktop\visionGuard\aiEngine\src\..\dataset\raw\NonViolence\NV_963.mp4,0,NonViolence
c:\Users\Baivab Bhusal\OneDrive\Desktop\visionGuard\aiEngine\src\..\dataset\raw\NonViolence\NV_132.mp4,0,NonViolence
c:\Users\Baivab Bhusal\OneDrive\Desktop\visionGuard\aiEngine\src\..\dataset\raw\NonViolence\NV_839.mp4,0,NonViolence
c:\Users\Baivab Bhusal\OneDrive\Desktop\visionGuard\aiEngine\src\..\dataset\raw\NonViolence\NV_993.mp4,0,NonViolence
c:\Users\Baivab Bhusal\OneDrive\Desktop\visionGuard\aiEngine\src\..\dataset\raw\Violence\V_330.mp4,1,Violence
c:\Users\Baivab Bhusal\OneDrive\Desktop\visionGuard\aiEngine\src\..\dataset\raw\Violence\V_87.mp4,1,Violence
c:\Users\Baivab Bhusal\OneDrive\Desktop\visionGuard\aiEngine\src\..\dataset\raw\NonViolence\NV_618.mp4,0,NonViolence
c:\Users\Baivab Bhusal\OneDrive\Desktop\visionGuard\aiEngine\src\..\dataset\raw\Violence\V_871.mp4,1,Violence
c:\Users\Baivab Bhusal\OneDrive\Desktop\visionGuard\aiEngine\src\..\dataset\raw\NonViolence\NV_593.mp4,0,NonViolence
c:\Users\Baivab Bhusal\OneDrive\Desktop\visionGuard\aiEngine\src\..\dataset\raw\Violence\V_458.mp4,1,Violence
c:\Users\Baivab Bhusal\OneDrive\Desktop\visionGuard\aiEngine\src\..\dataset\raw\Violence\V_84.mp4,1,Violence
c:\Users\Baivab Bhusal\OneDrive\Desktop\visionGuard\aiEngine\src\..\dataset\raw\Violence\V_627.mp4,1,Violence
c:\Users\Baivab Bhusal\OneDrive\Desktop\visionGuard\aiEngine\src\..\dataset\raw\NonViolence\NV_122.mp4,0,NonViolence
c:\Users\Baivab Bhusal\OneDrive\Desktop\visionGuard\aiEngine\src\..\dataset\raw\Violence\V_787.mp4,1,Violence
c:\Users\Baivab Bhusal\OneDrive\Desktop\visionGuard\aiEngine\src\..\dataset\raw\NonViolence\NV_845.mp4,0,NonViolence
c:\Users\Baivab Bhusal\OneDrive\Desktop\visionGuard\aiEngine\src\..\dataset\raw\Violence\V_710.mp4,1,Violence
c:\Users\Baivab Bhusal\OneDrive\Desktop\visionGuard\aiEngine\src\..\dataset\raw\Violence\V_562.mp4,1,Violence
c:\Users\Baivab Bhusal\OneDrive\Desktop\visionGuard\aiEngine\src\..\dataset\raw\Violence\V_417.mp4,1,Violence
c:\Users\Baivab Bhusal\OneDrive\Desktop\visionGuard\aiEngine\src\..\dataset\raw\Violence\V_528.mp4,1,Violence
c:\Users\Baivab Bhusal\OneDrive\Desktop\visionGuard\aiEngine\src\..\dataset\raw\NonViolence\NV_201.mp4,0,NonViolence
c:\Users\Baivab Bhusal\OneDrive\Desktop\visionGuard\aiEngine\src\..\dataset\raw\NonViolence\NV_893.avi,0,NonViolence
c:\Users\Baivab Bhusal\OneDrive\Desktop\visionGuard\aiEngine\src\..\dataset\raw\NonViolence\NV_876.avi,0,NonViolence
c:\Users\Baivab Bhusal\OneDrive\Desktop\visionGuard\aiEngine\src\..\dataset\raw\NonViolence\NV_295.mp4,0,NonViolence
c:\Users\Baivab Bhusal\OneDrive\Desktop\visionGuard\aiEngine\src\..\dataset\raw\Violence\V_869.mp4,1,Violence
c:\Users\Baivab Bhusal\OneDrive\Desktop\visionGuard\aiEngine\src\..\dataset\raw\NonViolence\NV_913.mp4,0,NonViolence
c:\Users\Baivab Bhusal\OneDrive\Desktop\visionGuard\aiEngine\src\..\dataset\raw\Violence\V_633.mp4,1,Violence
c:\Users\Baivab Bhusal\OneDrive\Desktop\visionGuard\aiEngine\src\..\dataset\raw\Violence\V_99.mp4,1,Violence
c:\Users\Baivab Bhusal\OneDrive\Desktop\visionGuard\aiEngine\src\..\dataset\raw\NonViolence\NV_540.mp4,0,NonViolence
c:\Users\Baivab Bhusal\OneDrive\Desktop\visionGuard\aiEngine\src\..\dataset\raw\NonViolence\NV_693.mp4,0,NonViolence
c:\Users\Baivab Bhusal\OneDrive\Desktop\visionGuard\aiEngine\src\..\dataset\raw\NonViolence\NV_51.mp4,0,NonViolence
c:\Users\Baivab Bhusal\OneDrive\Desktop\visionGuard\aiEngine\src\..\dataset\raw\NonViolence\NV_48.mp4,0,NonViolence
c:\Users\Baivab Bhusal\OneDrive\Desktop\visionGuard\aiEngine\src\..\dataset\raw\Violence\V_819.mp4,1,Violence
c:\Users\Baivab Bhusal\OneDrive\Desktop\visionGuard\aiEngine\src\..\dataset\raw\Violence\V_408.mp4,1,Violence
c:\Users\Baivab Bhusal\OneDrive\Desktop\visionGuard\aiEngine\src\..\dataset\raw\NonViolence\NV_4.mp4,0,NonViolence
c:\Users\Baivab Bhusal\OneDrive\Desktop\visionGuard\aiEngine\src\..\dataset\raw\NonViolence\NV_390.mp4,0,NonViolence
c:\Users\Baivab Bhusal\OneDrive\Desktop\visionGuard\aiEngine\src\..\dataset\raw\Violence\V_126.mp4,1,Violence
c:\Users\Baivab Bhusal\OneDrive\Desktop\visionGuard\aiEngine\src\..\dataset\raw\Violence\V_381.mp4,1,Violence
c:\Users\Baivab Bhusal\OneDrive\Desktop\visionGuard\aiEngine\src\..\dataset\raw\Violence\V_213.mp4,1,Violence
c:\Users\Baivab Bhusal\OneDrive\Desktop\visionGuard\aiEngine\src\..\dataset\raw\NonViolence\NV_938.mp4,0,NonViolence
c:\Users\Baivab Bhusal\OneDrive\Desktop\visionGuard\aiEngine\src\..\dataset\raw\NonViolence\NV_170.mp4,0,NonViolence
c:\Users\Baivab Bhusal\OneDrive\Desktop\visionGuard\aiEngine\src\..\dataset\raw\Violence\V_262.mp4,1,Violence
c:\Users\Baivab Bhusal\OneDrive\Desktop\visionGuard\aiEngine\src\..\dataset\raw\NonViolence\NV_385.mp4,0,NonViolence
c:\Users\Baivab Bhusal\OneDrive\Desktop\visionGuard\aiEngine\src\..\dataset\raw\Violence\V_716.mp4,1,Violence
c:\Users\Baivab Bhusal\OneDrive\Desktop\visionGuard\aiEngine\src\..\dataset\raw\NonViolence\NV_414.mp4,0,NonViolence
c:\Users\Baivab Bhusal\OneDrive\Desktop\visionGuard\aiEngine\src\..\dataset\raw\NonViolence\NV_129.mp4,0,NonViolence
c:\Users\Baivab Bhusal\OneDrive\Desktop\visionGuard\aiEngine\src\..\dataset\raw\Violence\V_678.mp4,1,Violence
c:\Users\Baivab Bhusal\OneDrive\Desktop\visionGuard\aiEngine\src\..\dataset\raw\Violence\V_953.mp4,1,Violence
c:\Users\Baivab Bhusal\OneDrive\Desktop\visionGuard\aiEngine\src\..\dataset\raw\NonViolence\NV_715.mp4,0,NonViolence
c:\Users\Baivab Bhusal\OneDrive\Desktop\visionGuard\aiEngine\src\..\dataset\raw\Violence\V_615.mp4,1,Violence
c:\Users\Baivab Bhusal\OneDrive\Desktop\visionGuard\aiEngine\src\..\dataset\raw\NonViolence\NV_881.avi,0,NonViolence
c:\Users\Baivab Bhusal\OneDrive\Desktop\visionGuard\aiEngine\src\..\dataset\raw\NonViolence\NV_43.mp4,0,NonViolence
c:\Users\Baivab Bhusal\OneDrive\Desktop\visionGuard\aiEngine\src\..\dataset\raw\Violence\V_914.mp4,1,Violence
c:\Users\Baivab Bhusal\OneDrive\Desktop\visionGuard\aiEngine\src\..\dataset\raw\NonViolence\NV_93.mp4,0,NonViolence
c:\Users\Baivab Bhusal\OneDrive\Desktop\visionGuard\aiEngine\src\..\dataset\raw\NonViolence\NV_147.mp4,0,NonViolence
c:\Users\Baivab Bhusal\OneDrive\Desktop\visionGuard\aiEngine\src\..\dataset\raw\Violence\V_253.mp4,1,Violence
c:\Users\Baivab Bhusal\OneDrive\Desktop\visionGuard\aiEngine\src\..\dataset\raw\Violence\V_170.mp4,1,Violence
c:\Users\Baivab Bhusal\OneDrive\Desktop\visionGuard\aiEngine\src\..\dataset\raw\Violence\V_707.mp4,1,Violence
c:\Users\Baivab Bhusal\OneDrive\Desktop\visionGuard\aiEngine\src\..\dataset\raw\NonViolence\NV_202.mp4,0,NonViolence
c:\Users\Baivab Bhusal\OneDrive\Desktop\visionGuard\aiEngine\src\..\dataset\raw\Violence\V_751.mp4,1,Violence
c:\Users\Baivab Bhusal\OneDrive\Desktop\visionGuard\aiEngine\src\..\dataset\raw\NonViolence\NV_28.mp4,0,NonViolence
c:\Users\Baivab Bhusal\OneDrive\Desktop\visionGuard\aiEngine\src\..\dataset\raw\NonViolence\NV_3.mp4,0,NonViolence
c:\Users\Baivab Bhusal\OneDrive\Desktop\visionGuard\aiEngine\src\..\dataset\raw\Violence\V_830.mp4,1,Violence
c:\Users\Baivab Bhusal\OneDrive\Desktop\visionGuard\aiEngine\src\..\dataset\raw\NonViolence\NV_556.mp4,0,NonViolence
c:\Users\Baivab Bhusal\OneDrive\Desktop\visionGuard\aiEngine\src\..\dataset\raw\Violence\V_774.mp4,1,Violence
c:\Users\Baivab Bhusal\OneDrive\Desktop\visionGuard\aiEngine\src\..\dataset\raw\Violence\V_587.mp4,1,Violence
c:\Users\Baivab Bhusal\OneDrive\Desktop\visionGuard\aiEngine\src\..\dataset\raw\NonViolence\NV_531.mp4,0,NonViolence
c:\Users\Baivab Bhusal\OneDrive\Desktop\visionGuard\aiEngine\src\..\dataset\raw\NonViolence\NV_25.mp4,0,NonViolence
c:\Users\Baivab Bhusal\OneDrive\Desktop\visionGuard\aiEngine\src\..\dataset\raw\NonViolence\NV_652.mp4,0,NonViolence
c:\Users\Baivab Bhusal\OneDrive\Desktop\visionGuard\aiEngine\src\..\dataset\raw\NonViolence\NV_773.mp4,0,NonViolence
c:\Users\Baivab Bhusal\OneDrive\Desktop\visionGuard\aiEngine\src\..\dataset\raw\NonViolence\NV_835.mp4,0,NonViolence
c:\Users\Baivab Bhusal\OneDrive\Desktop\visionGuard\aiEngine\src\..\dataset\raw\Violence\V_263.mp4,1,Violence
c:\Users\Baivab Bhusal\OneDrive\Desktop\visionGuard\aiEngine\src\..\dataset\raw\Violence\V_201.mp4,1,Violence
c:\Users\Baivab Bhusal\OneDrive\Desktop\visionGuard\aiEngine\src\..\dataset\raw\Violence\V_856.mp4,1,Violence
c:\Users\Baivab Bhusal\OneDrive\Desktop\visionGuard\aiEngine\src\..\dataset\raw\NonViolence\NV_96.mp4,0,NonViolence
c:\Users\Baivab Bhusal\OneDrive\Desktop\visionGuard\aiEngine\src\..\dataset\raw\Violence\V_679.mp4,1,Violence
c:\Users\Baivab Bhusal\OneDrive\Desktop\visionGuard\aiEngine\src\..\dataset\raw\NonViolence\NV_832.mp4,0,NonViolence
c:\Users\Baivab Bhusal\OneDrive\Desktop\visionGuard\aiEngine\src\..\dataset\raw\NonViolence\NV_12.mp4,0,NonViolence
c:\Users\Baivab Bhusal\OneDrive\Desktop\visionGuard\aiEngine\src\..\dataset\raw\Violence\V_135.mp4,1,Violence
c:\Users\Baivab Bhusal\OneDrive\Desktop\visionGuard\aiEngine\src\..\dataset\raw\NonViolence\NV_99.mp4,0,NonViolence
c:\Users\Baivab Bhusal\OneDrive\Desktop\visionGuard\aiEngine\src\..\dataset\raw\Violence\V_577.mp4,1,Violence
c:\Users\Baivab Bhusal\OneDrive\Desktop\visionGuard\aiEngine\src\..\dataset\raw\NonViolence\NV_856.mp4,0,NonViolence
c:\Users\Baivab Bhusal\OneDrive\Desktop\visionGuard\aiEngine\src\..\dataset\raw\NonViolence\NV_35.mp4,0,NonViolence
c:\Users\Baivab Bhusal\OneDrive\Desktop\visionGuard\aiEngine\src\..\dataset\raw\NonViolence\NV_230.mp4,0,NonViolence
c:\Users\Baivab Bhusal\OneDrive\Desktop\visionGuard\aiEngine\src\..\dataset\raw\NonViolence\NV_546.mp4,0,NonViolence
c:\Users\Baivab Bhusal\OneDrive\Desktop\visionGuard\aiEngine\src\..\dataset\raw\Violence\V_644.mp4,1,Violence
c:\Users\Baivab Bhusal\OneDrive\Desktop\visionGuard\aiEngine\src\..\dataset\raw\NonViolence\NV_143.mp4,0,NonViolence
c:\Users\Baivab Bhusal\OneDrive\Desktop\visionGuard\aiEngine\src\..\dataset\raw\Violence\V_420.mp4,1,Violence
c:\Users\Baivab Bhusal\OneDrive\Desktop\visionGuard\aiEngine\src\..\dataset\raw\NonViolence\NV_520.mp4,0,NonViolence
c:\Users\Baivab Bhusal\OneDrive\Desktop\visionGuard\aiEngine\src\..\dataset\raw\Violence\V_808.mp4,1,Violence
c:\Users\Baivab Bhusal\OneDrive\Desktop\visionGuard\aiEngine\src\..\dataset\raw\Violence\V_874.mp4,1,Violence
c:\Users\Baivab Bhusal\OneDrive\Desktop\visionGuard\aiEngine\src\..\dataset\raw\Violence\V_35.mp4,1,Violence
c:\Users\Baivab Bhusal\OneDrive\Desktop\visionGuard\aiEngine\src\..\dataset\raw\Violence\V_598.mp4,1,Violence
c:\Users\Baivab Bhusal\OneDrive\Desktop\visionGuard\aiEngine\src\..\dataset\raw\NonViolence\NV_493.mp4,0,NonViolence
c:\Users\Baivab Bhusal\OneDrive\Desktop\visionGuard\aiEngine\src\..\dataset\raw\NonViolence\NV_254.mp4,0,NonViolence
c:\Users\Baivab Bhusal\OneDrive\Desktop\visionGuard\aiEngine\src\..\dataset\raw\Violence\V_288.mp4,1,Violence
c:\Users\Baivab Bhusal\OneDrive\Desktop\visionGuard\aiEngine\src\..\dataset\raw\NonViolence\NV_986.mp4,0,NonViolence
c:\Users\Baivab Bhusal\OneDrive\Desktop\visionGuard\aiEngine\src\..\dataset\raw\NonViolence\NV_298.mp4,0,NonViolence
c:\Users\Baivab Bhusal\OneDrive\Desktop\visionGuard\aiEngine\src\..\dataset\raw\Violence\V_745.mp4,1,Violence
c:\Users\Baivab Bhusal\OneDrive\Desktop\visionGuard\aiEngine\src\..\dataset\raw\NonViolence\NV_977.mp4,0,NonViolence
c:\Users\Baivab Bhusal\OneDrive\Desktop\visionGuard\aiEngine\src\..\dataset\raw\NonViolence\NV_753.mp4,0,NonViolence
c:\Users\Baivab Bhusal\OneDrive\Desktop\visionGuard\aiEngine\src\..\dataset\raw\NonViolence\NV_623.mp4,0,NonViolence
c:\Users\Baivab Bhusal\OneDrive\Desktop\visionGuard\aiEngine\src\..\dataset\raw\NonViolence\NV_814.mp4,0,NonViolence
c:\Users\Baivab Bhusal\OneDrive\Desktop\visionGuard\aiEngine\src\..\dataset\raw\NonViolence\NV_818.mp4,0,NonViolence
c:\Users\Baivab Bhusal\OneDrive\Desktop\visionGuard\aiEngine\src\..\dataset\raw\NonViolence\NV_933.mp4,0,NonViolence
c:\Users\Baivab Bhusal\OneDrive\Desktop\visionGuard\aiEngine\src\..\dataset\raw\NonViolence\NV_128.mp4,0,NonViolence
c:\Users\Baivab Bhusal\OneDrive\Desktop\visionGuard\aiEngine\src\..\dataset\raw\Violence\V_639.mp4,1,Violence
c:\Users\Baivab Bhusal\OneDrive\Desktop\visionGuard\aiEngine\src\..\dataset\raw\NonViolence\NV_231.mp4,0,NonViolence
c:\Users\Baivab Bhusal\OneDrive\Desktop\visionGuard\aiEngine\src\..\dataset\raw\NonViolence\NV_461.mp4,0,NonViolence
c:\Users\Baivab Bhusal\OneDrive\Desktop\visionGuard\aiEngine\src\..\dataset\raw\NonViolence\NV_686.mp4,0,NonViolence
c:\Users\Baivab Bhusal\OneDrive\Desktop\visionGuard\aiEngine\src\..\dataset\raw\Violence\V_735.mp4,1,Violence
c:\Users\Baivab Bhusal\OneDrive\Desktop\visionGuard\aiEngine\src\..\dataset\raw\Violence\V_23.mp4,1,Violence
c:\Users\Baivab Bhusal\OneDrive\Desktop\visionGuard\aiEngine\src\..\dataset\raw\NonViolence\NV_382.mp4,0,NonViolence
c:\Users\Baivab Bhusal\OneDrive\Desktop\visionGuard\aiEngine\src\..\dataset\raw\NonViolence\NV_269.mp4,0,NonViolence
c:\Users\Baivab Bhusal\OneDrive\Desktop\visionGuard\aiEngine\src\..\dataset\raw\Violence\V_41.mp4,1,Violence
c:\Users\Baivab Bhusal\OneDrive\Desktop\visionGuard\aiEngine\src\..\dataset\raw\Violence\V_235.mp4,1,Violence
c:\Users\Baivab Bhusal\OneDrive\Desktop\visionGuard\aiEngine\src\..\dataset\raw\Violence\V_664.mp4,1,Violence
c:\Users\Baivab Bhusal\OneDrive\Desktop\visionGuard\aiEngine\src\..\dataset\raw\Violence\V_441.mp4,1,Violence
c:\Users\Baivab Bhusal\OneDrive\Desktop\visionGuard\aiEngine\src\..\dataset\raw\Violence\V_431.mp4,1,Violence
c:\Users\Baivab Bhusal\OneDrive\Desktop\visionGuard\aiEngine\src\..\dataset\raw\NonViolence\NV_139.mp4,0,NonViolence
c:\Users\Baivab Bhusal\OneDrive\Desktop\visionGuard\aiEngine\src\..\dataset\raw\NonViolence\NV_154.mp4,0,NonViolence
c:\Users\Baivab Bhusal\OneDrive\Desktop\visionGuard\aiEngine\src\..\dataset\raw\Violence\V_450.mp4,1,Violence
c:\Users\Baivab Bhusal\OneDrive\Desktop\visionGuard\aiEngine\src\..\dataset\raw\Violence\V_571.mp4,1,Violence
c:\Users\Baivab Bhusal\OneDrive\Desktop\visionGuard\aiEngine\src\..\dataset\raw\Violence\V_343.mp4,1,Violence
c:\Users\Baivab Bhusal\OneDrive\Desktop\visionGuard\aiEngine\src\..\dataset\raw\NonViolence\NV_453.mp4,0,NonViolence
c:\Users\Baivab Bhusal\OneDrive\Desktop\visionGuard\aiEngine\src\..\dataset\raw\NonViolence\NV_870.avi,0,NonViolence
c:\Users\Baivab Bhusal\OneDrive\Desktop\visionGuard\aiEngine\src\..\dataset\raw\Violence\V_991.mp4,1,Violence
c:\Users\Baivab Bhusal\OneDrive\Desktop\visionGuard\aiEngine\src\..\dataset\raw\NonViolence\NV_836.mp4,0,NonViolence
c:\Users\Baivab Bhusal\OneDrive\Desktop\visionGuard\aiEngine\src\..\dataset\raw\Violence\V_689.mp4,1,Violence
c:\Users\Baivab Bhusal\OneDrive\Desktop\visionGuard\aiEngine\src\..\dataset\raw\Violence\V_553.mp4,1,Violence
c:\Users\Baivab Bhusal\OneDrive\Desktop\visionGuard\aiEngine\src\..\dataset\raw\NonViolence\NV_113.mp4,0,NonViolence
c:\Users\Baivab Bhusal\OneDrive\Desktop\visionGuard\aiEngine\src\..\dataset\raw\Violence\V_749.mp4,1,Violence
c:\Users\Baivab Bhusal\OneDrive\Desktop\visionGuard\aiEngine\src\..\dataset\raw\Violence\V_466.mp4,1,Violence
c:\Users\Baivab Bhusal\OneDrive\Desktop\visionGuard\aiEngine\src\..\dataset\raw\NonViolence\NV_766.mp4,0,NonViolence
c:\Users\Baivab Bhusal\OneDrive\Desktop\visionGuard\aiEngine\src\..\dataset\raw\NonViolence\NV_340.mp4,0,NonViolence
c:\Users\Baivab Bhusal\OneDrive\Desktop\visionGuard\aiEngine\src\..\dataset\raw\NonViolence\NV_172.mp4,0,NonViolence
c:\Users\Baivab Bhusal\OneDrive\Desktop\visionGuard\aiEngine\src\..\dataset\raw\Violence\V_759.mp4,1,Violence
c:\Users\Baivab Bhusal\OneDrive\Desktop\visionGuard\aiEngine\src\..\dataset\raw\NonViolence\NV_209.mp4,0,NonViolence
c:\Users\Baivab Bhusal\OneDrive\Desktop\visionGuard\aiEngine\src\..\dataset\raw\Violence\V_811.mp4,1,Violence
c:\Users\Baivab Bhusal\OneDrive\Desktop\visionGuard\aiEngine\src\..\dataset\raw\Violence\V_738.mp4,1,Violence
c:\Users\Baivab Bhusal\OneDrive\Desktop\visionGuard\aiEngine\src\..\dataset\raw\Violence\V_712.mp4,1,Violence
c:\Users\Baivab Bhusal\OneDrive\Desktop\visionGuard\aiEngine\src\..\dataset\raw\Violence\V_12.mp4,1,Violence
c:\Users\Baivab Bhusal\OneDrive\Desktop\visionGuard\aiEngine\src\..\dataset\raw\NonViolence\NV_742.mp4,0,NonViolence
c:\Users\Baivab Bhusal\OneDrive\Desktop\visionGuard\aiEngine\src\..\dataset\raw\Violence\V_465.mp4,1,Violence
c:\Users\Baivab Bhusal\OneDrive\Desktop\visionGuard\aiEngine\src\..\dataset\raw\Violence\V_586.mp4,1,Violence
c:\Users\Baivab Bhusal\OneDrive\Desktop\visionGuard\aiEngine\src\..\dataset\raw\Violence\V_895.mp4,1,Violence
c:\Users\Baivab Bhusal\OneDrive\Desktop\visionGuard\aiEngine\src\..\dataset\raw\NonViolence\NV_601.mp4,0,NonViolence
c:\Users\Baivab Bhusal\OneDrive\Desktop\visionGuard\aiEngine\src\..\dataset\raw\Violence\V_158.mp4,1,Violence
c:\Users\Baivab Bhusal\OneDrive\Desktop\visionGuard\aiEngine\src\..\dataset\raw\NonViolence\NV_588.mp4,0,NonViolence
c:\Users\Baivab Bhusal\OneDrive\Desktop\visionGuard\aiEngine\src\..\dataset\raw\Violence\V_725.mp4,1,Violence
c:\Users\Baivab Bhusal\OneDrive\Desktop\visionGuard\aiEngine\src\..\dataset\raw\NonViolence\NV_306.mp4,0,NonViolence
c:\Users\Baivab Bhusal\OneDrive\Desktop\visionGuard\aiEngine\src\..\dataset\raw\NonViolence\NV_508.mp4,0,NonViolence
c:\Users\Baivab Bhusal\OneDrive\Desktop\visionGuard\aiEngine\src\..\dataset\raw\NonViolence\NV_761.mp4,0,NonViolence
c:\Users\Baivab Bhusal\OneDrive\Desktop\visionGuard\aiEngine\src\..\dataset\raw\Violence\V_52.mp4,1,Violence
c:\Users\Baivab Bhusal\OneDrive\Desktop\visionGuard\aiEngine\src\..\dataset\raw\NonViolence\NV_677.mp4,0,NonViolence
c:\Users\Baivab Bhusal\OneDrive\Desktop\visionGuard\aiEngine\src\..\dataset\raw\NonViolence\NV_434.mp4,0,NonViolence
c:\Users\Baivab Bhusal\OneDrive\Desktop\visionGuard\aiEngine\src\..\dataset\raw\NonViolence\NV_634.mp4,0,NonViolence
c:\Users\Baivab Bhusal\OneDrive\Desktop\visionGuard\aiEngine\src\..\dataset\raw\Violence\V_641.mp4,1,Violence
c:\Users\Baivab Bhusal\OneDrive\Desktop\visionGuard\aiEngine\src\..\dataset\raw\Violence\V_194.mp4,1,Violence
c:\Users\Baivab Bhusal\OneDrive\Desktop\visionGuard\aiEngine\src\..\dataset\raw\Violence\V_481.mp4,1,Violence
c:\Users\Baivab Bhusal\OneDrive\Desktop\visionGuard\aiEngine\src\..\dataset\raw\NonViolence\NV_898.avi,0,NonViolence
c:\Users\Baivab Bhusal\OneDrive\Desktop\visionGuard\aiEngine\src\..\dataset\raw\Violence\V_74.mp4,1,Violence
c:\Users\Baivab Bhusal\OneDrive\Desktop\visionGuard\aiEngine\src\..\dataset\raw\Violence\V_362.mp4,1,Violence
c:\Users\Baivab Bhusal\OneDrive\Desktop\visionGuard\aiEngine\src\..\dataset\raw\Violence\V_252.mp4,1,Violence
c:\Users\Baivab Bhusal\OneDrive\Desktop\visionGuard\aiEngine\src\..\dataset\raw\Violence\V_255.mp4,1,Violence
c:\Users\Baivab Bhusal\OneDrive\Desktop\visionGuard\aiEngine\src\..\dataset\raw\Violence\V_411.mp4,1,Violence
c:\Users\Baivab Bhusal\OneDrive\Desktop\visionGuard\aiEngine\src\..\dataset\raw\Violence\V_592.mp4,1,Violence
c:\Users\Baivab Bhusal\OneDrive\Desktop\visionGuard\aiEngine\src\..\dataset\raw\Violence\V_457.mp4,1,Violence
c:\Users\Baivab Bhusal\OneDrive\Desktop\visionGuard\aiEngine\src\..\dataset\raw\NonViolence\NV_41.mp4,0,NonViolence
c:\Users\Baivab Bhusal\OneDrive\Desktop\visionGuard\aiEngine\src\..\dataset\raw\NonViolence\NV_790.mp4,0,NonViolence
c:\Users\Baivab Bhusal\OneDrive\Desktop\visionGuard\aiEngine\src\..\dataset\raw\Violence\V_261.mp4,1,Violence
c:\Users\Baivab Bhusal\OneDrive\Desktop\visionGuard\aiEngine\src\..\dataset\raw\Violence\V_143.mp4,1,Violence
c:\Users\Baivab Bhusal\OneDrive\Desktop\visionGuard\aiEngine\src\..\dataset\raw\Violence\V_753.mp4,1,Violence
c:\Users\Baivab Bhusal\OneDrive\Desktop\visionGuard\aiEngine\src\..\dataset\raw\NonViolence\NV_577.mp4,0,NonViolence
c:\Users\Baivab Bhusal\OneDrive\Desktop\visionGuard\aiEngine\src\..\dataset\raw\NonViolence\NV_2.mp4,0,NonViolence
c:\Users\Baivab Bhusal\OneDrive\Desktop\visionGuard\aiEngine\src\..\dataset\raw\NonViolence\NV_373.mp4,0,NonViolence
c:\Users\Baivab Bhusal\OneDrive\Desktop\visionGuard\aiEngine\src\..\dataset\raw\NonViolence\NV_622.mp4,0,NonViolence
c:\Users\Baivab Bhusal\OneDrive\Desktop\visionGuard\aiEngine\src\..\dataset\raw\Violence\V_344.mp4,1,Violence
c:\Users\Baivab Bhusal\OneDrive\Desktop\visionGuard\aiEngine\src\..\dataset\raw\NonViolence\NV_418.mp4,0,NonViolence
c:\Users\Baivab Bhusal\OneDrive\Desktop\visionGuard\aiEngine\src\..\dataset\raw\NonViolence\NV_528.mp4,0,NonViolence
c:\Users\Baivab Bhusal\OneDrive\Desktop\visionGuard\aiEngine\src\..\dataset\raw\Violence\V_987.mp4,1,Violence
c:\Users\Baivab Bhusal\OneDrive\Desktop\visionGuard\aiEngine\src\..\dataset\raw\NonViolence\NV_840.mp4,0,NonViolence
c:\Users\Baivab Bhusal\OneDrive\Desktop\visionGuard\aiEngine\src\..\dataset\raw\Violence\V_887.mp4,1,Violence
c:\Users\Baivab Bhusal\OneDrive\Desktop\visionGuard\aiEngine\src\..\dataset\raw\NonViolence\NV_678.mp4,0,NonViolence
c:\Users\Baivab Bhusal\OneDrive\Desktop\visionGuard\aiEngine\src\..\dataset\raw\Violence\V_37.mp4,1,Violence
c:\Users\Baivab Bhusal\OneDrive\Desktop\visionGuard\aiEngine\src\..\dataset\raw\Violence\V_277.mp4,1,Violence
c:\Users\Baivab Bhusal\OneDrive\Desktop\visionGuard\aiEngine\src\..\dataset\raw\NonViolence\NV_694.mp4,0,NonViolence
c:\Users\Baivab Bhusal\OneDrive\Desktop\visionGuard\aiEngine\src\..\dataset\raw\Violence\V_653.mp4,1,Violence
c:\Users\Baivab Bhusal\OneDrive\Desktop\visionGuard\aiEngine\src\..\dataset\raw\Violence\V_189.mp4,1,Violence
c:\Users\Baivab Bhusal\OneDrive\Desktop\visionGuard\aiEngine\src\..\dataset\raw\NonViolence\NV_20.mp4,0,NonViolence
c:\Users\Baivab Bhusal\OneDrive\Desktop\visionGuard\aiEngine\src\..\dataset\raw\NonViolence\NV_555.mp4,0,NonViolence
c:\Users\Baivab Bhusal\OneDrive\Desktop\visionGuard\aiEngine\src\..\dataset\raw\NonViolence\NV_88.mp4,0,NonViolence
c:\Users\Baivab Bhusal\OneDrive\Desktop\visionGuard\aiEngine\src\..\dataset\raw\NonViolence\NV_428.mp4,0,NonViolence
c:\Users\Baivab Bhusal\OneDrive\Desktop\visionGuard\aiEngine\src\..\dataset\raw\NonViolence\NV_740.mp4,0,NonViolence
c:\Users\Baivab Bhusal\OneDrive\Desktop\visionGuard\aiEngine\src\..\dataset\raw\NonViolence\NV_934.mp4,0,NonViolence
c:\Users\Baivab Bhusal\OneDrive\Desktop\visionGuard\aiEngine\src\..\dataset\raw\Violence\V_34.mp4,1,Violence
c:\Users\Baivab Bhusal\OneDrive\Desktop\visionGuard\aiEngine\src\..\dataset\raw\NonViolence\NV_908.avi,0,NonViolence
c:\Users\Baivab Bhusal\OneDrive\Desktop\visionGuard\aiEngine\src\..\dataset\raw\NonViolence\NV_806.mp4,0,NonViolence
c:\Users\Baivab Bhusal\OneDrive\Desktop\visionGuard\aiEngine\src\..\dataset\raw\Violence\V_390.mp4,1,Violence
c:\Users\Baivab Bhusal\OneDrive\Desktop\visionGuard\aiEngine\src\..\dataset\raw\NonViolence\NV_939.mp4,0,NonViolence
c:\Users\Baivab Bhusal\OneDrive\Desktop\visionGuard\aiEngine\src\..\dataset\raw\NonViolence\NV_161.mp4,0,NonViolence
c:\Users\Baivab Bhusal\OneDrive\Desktop\visionGuard\aiEngine\src\..\dataset\raw\NonViolence\NV_906.avi,0,NonViolence
c:\Users\Baivab Bhusal\OneDrive\Desktop\visionGuard\aiEngine\src\..\dataset\raw\NonViolence\NV_927.mp4,0,NonViolence
c:\Users\Baivab Bhusal\OneDrive\Desktop\visionGuard\aiEngine\src\..\dataset\raw\Violence\V_162.mp4,1,Violence
c:\Users\Baivab Bhusal\OneDrive\Desktop\visionGuard\aiEngine\src\..\dataset\raw\NonViolence\NV_956.mp4,0,NonViolence
c:\Users\Baivab Bhusal\OneDrive\Desktop\visionGuard\aiEngine\src\..\dataset\raw\Violence\V_767.mp4,1,Violence
c:\Users\Baivab Bhusal\OneDrive\Desktop\visionGuard\aiEngine\src\..\dataset\raw\Violence\V_20.mp4,1,Violence
c:\Users\Baivab Bhusal\OneDrive\Desktop\visionGuard\aiEngine\src\..\dataset\raw\NonViolence\NV_67.mp4,0,NonViolence
c:\Users\Baivab Bhusal\OneDrive\Desktop\visionGuard\aiEngine\src\..\dataset\raw\NonViolence\NV_411.mp4,0,NonViolence
c:\Users\Baivab Bhusal\OneDrive\Desktop\visionGuard\aiEngine\src\..\dataset\raw\Violence\V_21.mp4,1,Violence
c:\Users\Baivab Bhusal\OneDrive\Desktop\visionGuard\aiEngine\src\..\dataset\raw\Violence\V_103.mp4,1,Violence
c:\Users\Baivab Bhusal\OneDrive\Desktop\visionGuard\aiEngine\src\..\dataset\raw\Violence\V_850.mp4,1,Violence
c:\Users\Baivab Bhusal\OneDrive\Desktop\visionGuard\aiEngine\src\..\dataset\raw\Violence\V_881.mp4,1,Violence
c:\Users\Baivab Bhusal\OneDrive\Desktop\visionGuard\aiEngine\src\..\dataset\raw\NonViolence\NV_176.mp4,0,NonViolence
c:\Users\Baivab Bhusal\OneDrive\Desktop\visionGuard\aiEngine\src\..\dataset\raw\Violence\V_173.mp4,1,Violence
c:\Users\Baivab Bhusal\OneDrive\Desktop\visionGuard\aiEngine\src\..\dataset\raw\NonViolence\NV_849.mp4,0,NonViolence
c:\Users\Baivab Bhusal\OneDrive\Desktop\visionGuard\aiEngine\src\..\dataset\raw\Violence\V_248.mp4,1,Violence
c:\Users\Baivab Bhusal\OneDrive\Desktop\visionGuard\aiEngine\src\..\dataset\raw\NonViolence\NV_700.mp4,0,NonViolence
c:\Users\Baivab Bhusal\OneDrive\Desktop\visionGuard\aiEngine\src\..\dataset\raw\Violence\V_862.mp4,1,Violence
c:\Users\Baivab Bhusal\OneDrive\Desktop\visionGuard\aiEngine\src\..\dataset\raw\Violence\V_591.mp4,1,Violence
c:\Users\Baivab Bhusal\OneDrive\Desktop\visionGuard\aiEngine\src\..\dataset\raw\Violence\V_144.mp4,1,Violence
c:\Users\Baivab Bhusal\OneDrive\Desktop\visionGuard\aiEngine\src\..\dataset\raw\Violence\V_845.mp4,1,Violence
c:\Users\Baivab Bhusal\OneDrive\Desktop\visionGuard\aiEngine\src\..\dataset\raw\Violence\V_157.mp4,1,Violence
c:\Users\Baivab Bhusal\OneDrive\Desktop\visionGuard\aiEngine\src\..\dataset\raw\NonViolence\NV_252.mp4,0,NonViolence
c:\Users\Baivab Bhusal\OneDrive\Desktop\visionGuard\aiEngine\src\..\dataset\raw\NonViolence\NV_968.mp4,0,NonViolence
c:\Users\Baivab Bhusal\OneDrive\Desktop\visionGuard\aiEngine\src\..\dataset\raw\NonViolence\NV_538.mp4,0,NonViolence
c:\Users\Baivab Bhusal\OneDrive\Desktop\visionGuard\aiEngine\src\..\dataset\raw\NonViolence\NV_135.mp4,0,NonViolence
c:\Users\Baivab Bhusal\OneDrive\Desktop\visionGuard\aiEngine\src\..\dataset\raw\NonViolence\NV_85.mp4,0,NonViolence
c:\Users\Baivab Bhusal\OneDrive\Desktop\visionGuard\aiEngine\src\..\dataset\raw\NonViolence\NV_780.mp4,0,NonViolence
c:\Users\Baivab Bhusal\OneDrive\Desktop\visionGuard\aiEngine\src\..\dataset\raw\Violence\V_237.mp4,1,Violence
c:\Users\Baivab Bhusal\OneDrive\Desktop\visionGuard\aiEngine\src\..\dataset\raw\NonViolence\NV_477.mp4,0,NonViolence
c:\Users\Baivab Bhusal\OneDrive\Desktop\visionGuard\aiEngine\src\..\dataset\raw\NonViolence\NV_580.mp4,0,NonViolence
c:\Users\Baivab Bhusal\OneDrive\Desktop\visionGuard\aiEngine\src\..\dataset\raw\NonViolence\NV_192.mp4,0,NonViolence
c:\Users\Baivab Bhusal\OneDrive\Desktop\visionGuard\aiEngine\src\..\dataset\raw\NonViolence\NV_897.avi,0,NonViolence
c:\Users\Baivab Bhusal\OneDrive\Desktop\visionGuard\aiEngine\src\..\dataset\raw\NonViolence\NV_892.avi,0,NonViolence
c:\Users\Baivab Bhusal\OneDrive\Desktop\visionGuard\aiEngine\src\..\dataset\raw\NonViolence\NV_460.mp4,0,NonViolence
c:\Users\Baivab Bhusal\OneDrive\Desktop\visionGuard\aiEngine\src\..\dataset\raw\Violence\V_681.mp4,1,Violence
c:\Users\Baivab Bhusal\OneDrive\Desktop\visionGuard\aiEngine\src\..\dataset\raw\Violence\V_952.mp4,1,Violence
c:\Users\Baivab Bhusal\OneDrive\Desktop\visionGuard\aiEngine\src\..\dataset\raw\Violence\V_387.mp4,1,Violence
c:\Users\Baivab Bhusal\OneDrive\Desktop\visionGuard\aiEngine\src\..\dataset\raw\Violence\V_878.mp4,1,Violence
c:\Users\Baivab Bhusal\OneDrive\Desktop\visionGuard\aiEngine\src\..\dataset\raw\NonViolence\NV_979.mp4,0,NonViolence
c:\Users\Baivab Bhusal\OneDrive\Desktop\visionGuard\aiEngine\src\..\dataset\raw\Violence\V_791.mp4,1,Violence
c:\Users\Baivab Bhusal\OneDrive\Desktop\visionGuard\aiEngine\src\..\dataset\raw\Violence\V_341.mp4,1,Violence
c:\Users\Baivab Bhusal\OneDrive\Desktop\visionGuard\aiEngine\src\..\dataset\raw\NonViolence\NV_169.mp4,0,NonViolence
c:\Users\Baivab Bhusal\OneDrive\Desktop\visionGuard\aiEngine\src\..\dataset\raw\NonViolence\NV_223.mp4,0,NonViolence
c:\Users\Baivab Bhusal\OneDrive\Desktop\visionGuard\aiEngine\src\..\dataset\raw\NonViolence\NV_126.mp4,0,NonViolence
c:\Users\Baivab Bhusal\OneDrive\Desktop\visionGuard\aiEngine\src\..\dataset\raw\NonViolence\NV_331.mp4,0,NonViolence
c:\Users\Baivab Bhusal\OneDrive\Desktop\visionGuard\aiEngine\src\..\dataset\raw\NonViolence\NV_955.mp4,0,NonViolence
c:\Users\Baivab Bhusal\OneDrive\Desktop\visionGuard\aiEngine\src\..\dataset\raw\NonViolence\NV_997.mp4,0,NonViolence
c:\Users\Baivab Bhusal\OneDrive\Desktop\visionGuard\aiEngine\src\..\dataset\raw\Violence\V_754.mp4,1,Violence
c:\Users\Baivab Bhusal\OneDrive\Desktop\visionGuard\aiEngine\src\..\dataset\raw\Violence\V_322.mp4,1,Violence
c:\Users\Baivab Bhusal\OneDrive\Desktop\visionGuard\aiEngine\src\..\dataset\raw\NonViolence\NV_92.mp4,0,NonViolence
c:\Users\Baivab Bhusal\OneDrive\Desktop\visionGuard\aiEngine\src\..\dataset\raw\NonViolence\NV_211.mp4,0,NonViolence
c:\Users\Baivab Bhusal\OneDrive\Desktop\visionGuard\aiEngine\src\..\dataset\raw\NonViolence\NV_607.mp4,0,NonViolence
c:\Users\Baivab Bhusal\OneDrive\Desktop\visionGuard\aiEngine\src\..\dataset\raw\Violence\V_48.mp4,1,Violence
c:\Users\Baivab Bhusal\OneDrive\Desktop\visionGuard\aiEngine\src\..\dataset\raw\Violence\V_698.mp4,1,Violence
c:\Users\Baivab Bhusal\OneDrive\Desktop\visionGuard\aiEngine\src\..\dataset\raw\Violence\V_910.mp4,1,Violence
c:\Users\Baivab Bhusal\OneDrive\Desktop\visionGuard\aiEngine\src\..\dataset\raw\NonViolence\NV_605.mp4,0,NonViolence
c:\Users\Baivab Bhusal\OneDrive\Desktop\visionGuard\aiEngine\src\..\dataset\raw\NonViolence\NV_155.mp4,0,NonViolence
c:\Users\Baivab Bhusal\OneDrive\Desktop\visionGuard\aiEngine\src\..\dataset\raw\NonViolence\NV_311.mp4,0,NonViolence
c:\Users\Baivab Bhusal\OneDrive\Desktop\visionGuard\aiEngine\src\..\dataset\raw\Violence\V_523.mp4,1,Violence
c:\Users\Baivab Bhusal\OneDrive\Desktop\visionGuard\aiEngine\src\..\dataset\raw\NonViolence\NV_56.mp4,0,NonViolence
c:\Users\Baivab Bhusal\OneDrive\Desktop\visionGuard\aiEngine\src\..\dataset\raw\Violence\V_39.mp4,1,Violence
c:\Users\Baivab Bhusal\OneDrive\Desktop\visionGuard\aiEngine\src\..\dataset\raw\Violence\V_782.mp4,1,Violence
c:\Users\Baivab Bhusal\OneDrive\Desktop\visionGuard\aiEngine\src\..\dataset\raw\NonViolence\NV_964.mp4,0,NonViolence
c:\Users\Baivab Bhusal\OneDrive\Desktop\visionGuard\aiEngine\src\..\dataset\raw\NonViolence\NV_32.mp4,0,NonViolence
c:\Users\Baivab Bhusal\OneDrive\Desktop\visionGuard\aiEngine\src\..\dataset\raw\Violence\V_445.mp4,1,Violence
c:\Users\Baivab Bhusal\OneDrive\Desktop\visionGuard\aiEngine\src\..\dataset\raw\NonViolence\NV_988.mp4,0,NonViolence
c:\Users\Baivab Bhusal\OneDrive\Desktop\visionGuard\aiEngine\src\..\dataset\raw\Violence\V_844.mp4,1,Violence
c:\Users\Baivab Bhusal\OneDrive\Desktop\visionGuard\aiEngine\src\..\dataset\raw\NonViolence\NV_857.mp4,0,NonViolence
c:\Users\Baivab Bhusal\OneDrive\Desktop\visionGuard\aiEngine\src\..\dataset\raw\Violence\V_781.mp4,1,Violence
c:\Users\Baivab Bhusal\OneDrive\Desktop\visionGuard\aiEngine\src\..\dataset\raw\Violence\V_68.mp4,1,Violence
c:\Users\Baivab Bhusal\OneDrive\Desktop\visionGuard\aiEngine\src\..\dataset\raw\Violence\V_842.mp4,1,Violence
c:\Users\Baivab Bhusal\OneDrive\Desktop\visionGuard\aiEngine\src\..\dataset\raw\NonViolence\NV_117.mp4,0,NonViolence
c:\Users\Baivab Bhusal\OneDrive\Desktop\visionGuard\aiEngine\src\..\dataset\raw\Violence\V_777.mp4,1,Violence
c:\Users\Baivab Bhusal\OneDrive\Desktop\visionGuard\aiEngine\src\..\dataset\raw\Violence\V_337.mp4,1,Violence
c:\Users\Baivab Bhusal\OneDrive\Desktop\visionGuard\aiEngine\src\..\dataset\raw\Violence\V_637.mp4,1,Violence
c:\Users\Baivab Bhusal\OneDrive\Desktop\visionGuard\aiEngine\src\..\dataset\raw\NonViolence\NV_277.mp4,0,NonViolence
c:\Users\Baivab Bhusal\OneDrive\Desktop\visionGuard\aiEngine\src\..\dataset\raw\NonViolence\NV_852.mp4,0,NonViolence
c:\Users\Baivab Bhusal\OneDrive\Desktop\visionGuard\aiEngine\src\..\dataset\raw\Violence\V_365.mp4,1,Violence
c:\Users\Baivab Bhusal\OneDrive\Desktop\visionGuard\aiEngine\src\..\dataset\raw\Violence\V_131.mp4,1,Violence
c:\Users\Baivab Bhusal\OneDrive\Desktop\visionGuard\aiEngine\src\..\dataset\raw\NonViolence\NV_709.mp4,0,NonViolence
c:\Users\Baivab Bhusal\OneDrive\Desktop\visionGuard\aiEngine\src\..\dataset\raw\Violence\V_151.mp4,1,Violence
c:\Users\Baivab Bhusal\OneDrive\Desktop\visionGuard\aiEngine\src\..\dataset\raw\NonViolence\NV_610.mp4,0,NonViolence
c:\Users\Baivab Bhusal\OneDrive\Desktop\visionGuard\aiEngine\src\..\dataset\raw\NonViolence\NV_104.mp4,0,NonViolence
c:\Users\Baivab Bhusal\OneDrive\Desktop\visionGuard\aiEngine\src\..\dataset\raw\NonViolence\NV_869.avi,0,NonViolence
c:\Users\Baivab Bhusal\OneDrive\Desktop\visionGuard\aiEngine\src\..\dataset\raw\NonViolence\NV_398.mp4,0,NonViolence
c:\Users\Baivab Bhusal\OneDrive\Desktop\visionGuard\aiEngine\src\..\dataset\raw\NonViolence\NV_454.mp4,0,NonViolence
c:\Users\Baivab Bhusal\OneDrive\Desktop\visionGuard\aiEngine\src\..\dataset\raw\Violence\V_872.mp4,1,Violence
c:\Users\Baivab Bhusal\OneDrive\Desktop\visionGuard\aiEngine\src\..\dataset\raw\Violence\V_59.mp4,1,Violence
c:\Users\Baivab Bhusal\OneDrive\Desktop\visionGuard\aiEngine\src\..\dataset\raw\NonViolence\NV_592.mp4,0,NonViolence
c:\Users\Baivab Bhusal\OneDrive\Desktop\visionGuard\aiEngine\src\..\dataset\raw\Violence\V_125.mp4,1,Violence
c:\Users\Baivab Bhusal\OneDrive\Desktop\visionGuard\aiEngine\src\..\dataset\raw\NonViolence\NV_148.mp4,0,NonViolence
c:\Users\Baivab Bhusal\OneDrive\Desktop\visionGuard\aiEngine\src\..\dataset\raw\Violence\V_199.mp4,1,Violence
c:\Users\Baivab Bhusal\OneDrive\Desktop\visionGuard\aiEngine\src\..\dataset\raw\NonViolence\NV_397.mp4,0,NonViolence
c:\Users\Baivab Bhusal\OneDrive\Desktop\visionGuard\aiEngine\src\..\dataset\raw\Violence\V_215.mp4,1,Violence
c:\Users\Baivab Bhusal\OneDrive\Desktop\visionGuard\aiEngine\src\..\dataset\raw\Violence\V_812.mp4,1,Violence
c:\Users\Baivab Bhusal\OneDrive\Desktop\visionGuard\aiEngine\src\..\dataset\raw\Violence\V_188.mp4,1,Violence
c:\Users\Baivab Bhusal\OneDrive\Desktop\visionGuard\aiEngine\src\..\dataset\raw\Violence\V_876.mp4,1,Violence
c:\Users\Baivab Bhusal\OneDrive\Desktop\visionGuard\aiEngine\src\..\dataset\raw\NonViolence\NV_87.mp4,0,NonViolence
c:\Users\Baivab Bhusal\OneDrive\Desktop\visionGuard\aiEngine\src\..\dataset\raw\NonViolence\NV_273.mp4,0,NonViolence
c:\Users\Baivab Bhusal\OneDrive\Desktop\visionGuard\aiEngine\src\..\dataset\raw\Violence\V_683.mp4,1,Violence
c:\Users\Baivab Bhusal\OneDrive\Desktop\visionGuard\aiEngine\src\..\dataset\raw\NonViolence\NV_440.mp4,0,NonViolence
c:\Users\Baivab Bhusal\OneDrive\Desktop\visionGuard\aiEngine\src\..\dataset\raw\NonViolence\NV_826.mp4,0,NonViolence
c:\Users\Baivab Bhusal\OneDrive\Desktop\visionGuard\aiEngine\src\..\dataset\raw\NonViolence\NV_359.mp4,0,NonViolence
c:\Users\Baivab Bhusal\OneDrive\Desktop\visionGuard\aiEngine\src\..\dataset\raw\Violence\V_56.mp4,1,Violence
c:\Users\Baivab Bhusal\OneDrive\Desktop\visionGuard\aiEngine\src\..\dataset\raw\Violence\V_966.mp4,1,Violence
c:\Users\Baivab Bhusal\OneDrive\Desktop\visionGuard\aiEngine\src\..\dataset\raw\NonViolence\NV_265.mp4,0,NonViolence
c:\Users\Baivab Bhusal\OneDrive\Desktop\visionGuard\aiEngine\src\..\dataset\raw\Violence\V_718.mp4,1,Violence
c:\Users\Baivab Bhusal\OneDrive\Desktop\visionGuard\aiEngine\src\..\dataset\raw\Violence\V_898.mp4,1,Violence
c:\Users\Baivab Bhusal\OneDrive\Desktop\visionGuard\aiEngine\src\..\dataset\raw\Violence\V_809.mp4,1,Violence
c:\Users\Baivab Bhusal\OneDrive\Desktop\visionGuard\aiEngine\src\..\dataset\raw\NonViolence\NV_639.mp4,0,NonViolence
c:\Users\Baivab Bhusal\OneDrive\Desktop\visionGuard\aiEngine\src\..\dataset\raw\Violence\V_120.mp4,1,Violence
c:\Users\Baivab Bhusal\OneDrive\Desktop\visionGuard\aiEngine\src\..\dataset\raw\NonViolence\NV_293.mp4,0,NonViolence
c:\Users\Baivab Bhusal\OneDrive\Desktop\visionGuard\aiEngine\src\..\dataset\raw\NonViolence\NV_682.mp4,0,NonViolence
c:\Users\Baivab Bhusal\OneDrive\Desktop\visionGuard\aiEngine\src\..\dataset\raw\NonViolence\NV_431.mp4,0,NonViolence
c:\Users\Baivab Bhusal\OneDrive\Desktop\visionGuard\aiEngine\src\..\dataset\raw\Violence\V_478.mp4,1,Violence
c:\Users\Baivab Bhusal\OneDrive\Desktop\visionGuard\aiEngine\src\..\dataset\raw\Violence\V_917.mp4,1,Violence
c:\Users\Baivab Bhusal\OneDrive\Desktop\visionGuard\aiEngine\src\..\dataset\raw\NonViolence\NV_629.mp4,0,NonViolence
c:\Users\Baivab Bhusal\OneDrive\Desktop\visionGuard\aiEngine\src\..\dataset\raw\Violence\V_118.mp4,1,Violence
c:\Users\Baivab Bhusal\OneDrive\Desktop\visionGuard\aiEngine\src\..\dataset\raw\Violence\V_646.mp4,1,Violence
c:\Users\Baivab Bhusal\OneDrive\Desktop\visionGuard\aiEngine\src\..\dataset\raw\Violence\V_659.mp4,1,Violence
c:\Users\Baivab Bhusal\OneDrive\Desktop\visionGuard\aiEngine\src\..\dataset\raw\Violence\V_500.mp4,1,Violence
c:\Users\Baivab Bhusal\OneDrive\Desktop\visionGuard\aiEngine\src\..\dataset\raw\Violence\V_821.mp4,1,Violence
c:\Users\Baivab Bhusal\OneDrive\Desktop\visionGuard\aiEngine\src\..\dataset\raw\NonViolence\NV_479.mp4,0,NonViolence
c:\Users\Baivab Bhusal\OneDrive\Desktop\visionGuard\aiEngine\src\..\dataset\raw\NonViolence\NV_624.mp4,0,NonViolence
c:\Users\Baivab Bhusal\OneDrive\Desktop\visionGuard\aiEngine\src\..\dataset\raw\Violence\V_240.mp4,1,Violence
c:\Users\Baivab Bhusal\OneDrive\Desktop\visionGuard\aiEngine\src\..\dataset\raw\Violence\V_747.mp4,1,Violence
c:\Users\Baivab Bhusal\OneDrive\Desktop\visionGuard\aiEngine\src\..\dataset\raw\Violence\V_957.mp4,1,Violence
c:\Users\Baivab Bhusal\OneDrive\Desktop\visionGuard\aiEngine\src\..\dataset\raw\Violence\V_455.mp4,1,Violence
c:\Users\Baivab Bhusal\OneDrive\Desktop\visionGuard\aiEngine\src\..\dataset\raw\NonViolence\NV_863.avi,0,NonViolence
c:\Users\Baivab Bhusal\OneDrive\Desktop\visionGuard\aiEngine\src\..\dataset\raw\Violence\V_728.mp4,1,Violence
c:\Users\Baivab Bhusal\OneDrive\Desktop\visionGuard\aiEngine\src\..\dataset\raw\NonViolence\NV_738.mp4,0,NonViolence
c:\Users\Baivab Bhusal\OneDrive\Desktop\visionGuard\aiEngine\src\..\dataset\raw\Violence\V_410.mp4,1,Violence
c:\Users\Baivab Bhusal\OneDrive\Desktop\visionGuard\aiEngine\src\..\dataset\raw\Violence\V_246.mp4,1,Violence
c:\Users\Baivab Bhusal\OneDrive\Desktop\visionGuard\aiEngine\src\..\dataset\raw\NonViolence\NV_824.mp4,0,NonViolence
c:\Users\Baivab Bhusal\OneDrive\Desktop\visionGuard\aiEngine\src\..\dataset\raw\NonViolence\NV_105.mp4,0,NonViolence
c:\Users\Baivab Bhusal\OneDrive\Desktop\visionGuard\aiEngine\src\..\dataset\raw\NonViolence\NV_181.mp4,0,NonViolence
c:\Users\Baivab Bhusal\OneDrive\Desktop\visionGuard\aiEngine\src\..\dataset\raw\NonViolence\NV_705.mp4,0,NonViolence
c:\Users\Baivab Bhusal\OneDrive\Desktop\visionGuard\aiEngine\src\..\dataset\raw\NonViolence\NV_781.mp4,0,NonViolence
c:\Users\Baivab Bhusal\OneDrive\Desktop\visionGuard\aiEngine\src\..\dataset\raw\NonViolence\NV_166.mp4,0,NonViolence
c:\Users\Baivab Bhusal\OneDrive\Desktop\visionGuard\aiEngine\src\..\dataset\raw\NonViolence\NV_600.mp4,0,NonViolence
c:\Users\Baivab Bhusal\OneDrive\Desktop\visionGuard\aiEngine\src\..\dataset\raw\NonViolence\NV_199.mp4,0,NonViolence
c:\Users\Baivab Bhusal\OneDrive\Desktop\visionGuard\aiEngine\src\..\dataset\raw\NonViolence\NV_578.mp4,0,NonViolence
c:\Users\Baivab Bhusal\OneDrive\Desktop\visionGuard\aiEngine\src\..\dataset\raw\NonViolence\NV_654.mp4,0,NonViolence
c:\Users\Baivab Bhusal\OneDrive\Desktop\visionGuard\aiEngine\src\..\dataset\raw\Violence\V_519.mp4,1,Violence
c:\Users\Baivab Bhusal\OneDrive\Desktop\visionGuard\aiEngine\src\..\dataset\raw\Violence\V_258.mp4,1,Violence
c:\Users\Baivab Bhusal\OneDrive\Desktop\visionGuard\aiEngine\src\..\dataset\raw\NonViolence\NV_999.mp4,0,NonViolence
c:\Users\Baivab Bhusal\OneDrive\Desktop\visionGuard\aiEngine\src\..\dataset\raw\NonViolence\NV_196.mp4,0,NonViolence
c:\Users\Baivab Bhusal\OneDrive\Desktop\visionGuard\aiEngine\src\..\dataset\raw\NonViolence\NV_442.mp4,0,NonViolence
c:\Users\Baivab Bhusal\OneDrive\Desktop\visionGuard\aiEngine\src\..\dataset\raw\NonViolence\NV_433.mp4,0,NonViolence
c:\Users\Baivab Bhusal\OneDrive\Desktop\visionGuard\aiEngine\src\..\dataset\raw\NonViolence\NV_183.mp4,0,NonViolence
c:\Users\Baivab Bhusal\OneDrive\Desktop\visionGuard\aiEngine\src\..\dataset\raw\NonViolence\NV_850.mp4,0,NonViolence
c:\Users\Baivab Bhusal\OneDrive\Desktop\visionGuard\aiEngine\src\..\dataset\raw\NonViolence\NV_821.mp4,0,NonViolence
c:\Users\Baivab Bhusal\OneDrive\Desktop\visionGuard\aiEngine\src\..\dataset\raw\NonViolence\NV_885.avi,0,NonViolence
c:\Users\Baivab Bhusal\OneDrive\Desktop\visionGuard\aiEngine\src\..\dataset\raw\Violence\V_564.mp4,1,Violence
c:\Users\Baivab Bhusal\OneDrive\Desktop\visionGuard\aiEngine\src\..\dataset\raw\Violence\V_755.mp4,1,Violence
c:\Users\Baivab Bhusal\OneDrive\Desktop\visionGuard\aiEngine\src\..\dataset\raw\NonViolence\NV_502.mp4,0,NonViolence
c:\Users\Baivab Bhusal\OneDrive\Desktop\visionGuard\aiEngine\src\..\dataset\raw\NonViolence\NV_684.mp4,0,NonViolence
c:\Users\Baivab Bhusal\OneDrive\Desktop\visionGuard\aiEngine\src\..\dataset\raw\NonViolence\NV_524.mp4,0,NonViolence
c:\Users\Baivab Bhusal\OneDrive\Desktop\visionGuard\aiEngine\src\..\dataset\raw\Violence\V_285.mp4,1,Violence
c:\Users\Baivab Bhusal\OneDrive\Desktop\visionGuard\aiEngine\src\..\dataset\raw\Violence\V_654.mp4,1,Violence
c:\Users\Baivab Bhusal\OneDrive\Desktop\visionGuard\aiEngine\src\..\dataset\raw\NonViolence\NV_576.mp4,0,NonViolence
c:\Users\Baivab Bhusal\OneDrive\Desktop\visionGuard\aiEngine\src\..\dataset\raw\NonViolence\NV_449.mp4,0,NonViolence
c:\Users\Baivab Bhusal\OneDrive\Desktop\visionGuard\aiEngine\src\..\dataset\raw\Violence\V_950.mp4,1,Violence
c:\Users\Baivab Bhusal\OneDrive\Desktop\visionGuard\aiEngine\src\..\dataset\raw\Violence\V_597.mp4,1,Violence
c:\Users\Baivab Bhusal\OneDrive\Desktop\visionGuard\aiEngine\src\..\dataset\raw\Violence\V_30.mp4,1,Violence
c:\Users\Baivab Bhusal\OneDrive\Desktop\visionGuard\aiEngine\src\..\dataset\raw\Violence\V_243.mp4,1,Violence
c:\Users\Baivab Bhusal\OneDrive\Desktop\visionGuard\aiEngine\src\..\dataset\raw\NonViolence\NV_708.mp4,0,NonViolence
c:\Users\Baivab Bhusal\OneDrive\Desktop\visionGuard\aiEngine\src\..\dataset\raw\NonViolence\NV_131.mp4,0,NonViolence
c:\Users\Baivab Bhusal\OneDrive\Desktop\visionGuard\aiEngine\src\..\dataset\raw\Violence\V_790.mp4,1,Violence
c:\Users\Baivab Bhusal\OneDrive\Desktop\visionGuard\aiEngine\src\..\dataset\raw\NonViolence\NV_559.mp4,0,NonViolence
c:\Users\Baivab Bhusal\OneDrive\Desktop\visionGuard\aiEngine\src\..\dataset\raw\Violence\V_616.mp4,1,Violence
c:\Users\Baivab Bhusal\OneDrive\Desktop\visionGuard\aiEngine\src\..\dataset\raw\Violence\V_426.mp4,1,Violence
c:\Users\Baivab Bhusal\OneDrive\Desktop\visionGuard\aiEngine\src\..\dataset\raw\NonViolence\NV_240.mp4,0,NonViolence
c:\Users\Baivab Bhusal\OneDrive\Desktop\visionGuard\aiEngine\src\..\dataset\raw\Violence\V_560.mp4,1,Violence
c:\Users\Baivab Bhusal\OneDrive\Desktop\visionGuard\aiEngine\src\..\dataset\raw\Violence\V_982.mp4,1,Violence
c:\Users\Baivab Bhusal\OneDrive\Desktop\visionGuard\aiEngine\src\..\dataset\raw\NonViolence\NV_518.mp4,0,NonViolence
c:\Users\Baivab Bhusal\OneDrive\Desktop\visionGuard\aiEngine\src\..\dataset\raw\Violence\V_152.mp4,1,Violence
c:\Users\Baivab Bhusal\OneDrive\Desktop\visionGuard\aiEngine\src\..\dataset\raw\NonViolence\NV_511.mp4,0,NonViolence
c:\Users\Baivab Bhusal\OneDrive\Desktop\visionGuard\aiEngine\src\..\dataset\raw\Violence\V_978.mp4,1,Violence
c:\Users\Baivab Bhusal\OneDrive\Desktop\visionGuard\aiEngine\src\..\dataset\raw\NonViolence\NV_376.mp4,0,NonViolence
c:\Users\Baivab Bhusal\OneDrive\Desktop\visionGuard\aiEngine\src\..\dataset\raw\Violence\V_897.mp4,1,Violence
c:\Users\Baivab Bhusal\OneDrive\Desktop\visionGuard\aiEngine\src\..\dataset\raw\Violence\V_726.mp4,1,Violence
c:\Users\Baivab Bhusal\OneDrive\Desktop\visionGuard\aiEngine\src\..\dataset\raw\Violence\V_516.mp4,1,Violence
c:\Users\Baivab Bhusal\OneDrive\Desktop\visionGuard\aiEngine\src\..\dataset\raw\Violence\V_134.mp4,1,Violence
c:\Users\Baivab Bhusal\OneDrive\Desktop\visionGuard\aiEngine\src\..\dataset\raw\Violence\V_838.mp4,1,Violence
c:\Users\Baivab Bhusal\OneDrive\Desktop\visionGuard\aiEngine\src\..\dataset\raw\NonViolence\NV_842.mp4,0,NonViolence
c:\Users\Baivab Bhusal\OneDrive\Desktop\visionGuard\aiEngine\src\..\dataset\raw\NonViolence\NV_675.mp4,0,NonViolence
c:\Users\Baivab Bhusal\OneDrive\Desktop\visionGuard\aiEngine\src\..\dataset\raw\Violence\V_609.mp4,1,Violence
c:\Users\Baivab Bhusal\OneDrive\Desktop\visionGuard\aiEngine\src\..\dataset\raw\Violence\V_175.mp4,1,Violence
c:\Users\Baivab Bhusal\OneDrive\Desktop\visionGuard\aiEngine\src\..\dataset\raw\Violence\V_449.mp4,1,Violence
c:\Users\Baivab Bhusal\OneDrive\Desktop\visionGuard\aiEngine\src\..\dataset\raw\Violence\V_522.mp4,1,Violence
c:\Users\Baivab Bhusal\OneDrive\Desktop\visionGuard\aiEngine\src\..\dataset\raw\Violence\V_992.mp4,1,Violence
c:\Users\Baivab Bhusal\OneDrive\Desktop\visionGuard\aiEngine\src\..\dataset\raw\NonViolence\NV_396.mp4,0,NonViolence
c:\Users\Baivab Bhusal\OneDrive\Desktop\visionGuard\aiEngine\src\..\dataset\raw\Violence\V_421.mp4,1,Violence
c:\Users\Baivab Bhusal\OneDrive\Desktop\visionGuard\aiEngine\src\..\dataset\raw\NonViolence\NV_750.mp4,0,NonViolence
c:\Users\Baivab Bhusal\OneDrive\Desktop\visionGuard\aiEngine\src\..\dataset\raw\Violence\V_91.mp4,1,Violence
c:\Users\Baivab Bhusal\OneDrive\Desktop\visionGuard\aiEngine\src\..\dataset\raw\Violence\V_998.mp4,1,Violence
c:\Users\Baivab Bhusal\OneDrive\Desktop\visionGuard\aiEngine\src\..\dataset\raw\Violence\V_309.mp4,1,Violence
c:\Users\Baivab Bhusal\OneDrive\Desktop\visionGuard\aiEngine\src\..\dataset\raw\NonViolence\NV_69.mp4,0,NonViolence
c:\Users\Baivab Bhusal\OneDrive\Desktop\visionGuard\aiEngine\src\..\dataset\raw\NonViolence\NV_865.avi,0,NonViolence
c:\Users\Baivab Bhusal\OneDrive\Desktop\visionGuard\aiEngine\src\..\dataset\raw\NonViolence\NV_463.mp4,0,NonViolence
c:\Users\Baivab Bhusal\OneDrive\Desktop\visionGuard\aiEngine\src\..\dataset\raw\NonViolence\NV_189.mp4,0,NonViolence
c:\Users\Baivab Bhusal\OneDrive\Desktop\visionGuard\aiEngine\src\..\dataset\raw\Violence\V_931.mp4,1,Violence
c:\Users\Baivab Bhusal\OneDrive\Desktop\visionGuard\aiEngine\src\..\dataset\raw\Violence\V_160.mp4,1,Violence
c:\Users\Baivab Bhusal\OneDrive\Desktop\visionGuard\aiEngine\src\..\dataset\raw\Violence\V_543.mp4,1,Violence
c:\Users\Baivab Bhusal\OneDrive\Desktop\visionGuard\aiEngine\src\..\dataset\raw\NonViolence\NV_281.mp4,0,NonViolence
c:\Users\Baivab Bhusal\OneDrive\Desktop\visionGuard\aiEngine\src\..\dataset\raw\NonViolence\NV_443.mp4,0,NonViolence
c:\Users\Baivab Bhusal\OneDrive\Desktop\visionGuard\aiEngine\src\..\dataset\raw\NonViolence\NV_342.mp4,0,NonViolence
c:\Users\Baivab Bhusal\OneDrive\Desktop\visionGuard\aiEngine\src\..\dataset\raw\NonViolence\NV_829.mp4,0,NonViolence
c:\Users\Baivab Bhusal\OneDrive\Desktop\visionGuard\aiEngine\src\..\dataset\raw\NonViolence\NV_961.mp4,0,NonViolence
c:\Users\Baivab Bhusal\OneDrive\Desktop\visionGuard\aiEngine\src\..\dataset\raw\NonViolence\NV_647.mp4,0,NonViolence
c:\Users\Baivab Bhusal\OneDrive\Desktop\visionGuard\aiEngine\src\..\dataset\raw\Violence\V_706.mp4,1,Violence
c:\Users\Baivab Bhusal\OneDrive\Desktop\visionGuard\aiEngine\src\..\dataset\raw\Violence\V_217.mp4,1,Violence
c:\Users\Baivab Bhusal\OneDrive\Desktop\visionGuard\aiEngine\src\..\dataset\raw\Violence\V_280.mp4,1,Violence
c:\Users\Baivab Bhusal\OneDrive\Desktop\visionGuard\aiEngine\src\..\dataset\raw\Violence\V_620.mp4,1,Violence
c:\Users\Baivab Bhusal\OneDrive\Desktop\visionGuard\aiEngine\src\..\dataset\raw\Violence\V_924.mp4,1,Violence
c:\Users\Baivab Bhusal\OneDrive\Desktop\visionGuard\aiEngine\src\..\dataset\raw\Violence\V_959.mp4,1,Violence
c:\Users\Baivab Bhusal\OneDrive\Desktop\visionGuard\aiEngine\src\..\dataset\raw\NonViolence\NV_173.mp4,0,NonViolence
c:\Users\Baivab Bhusal\OneDrive\Desktop\visionGuard\aiEngine\src\..\dataset\raw\Violence\V_332.mp4,1,Violence
c:\Users\Baivab Bhusal\OneDrive\Desktop\visionGuard\aiEngine\src\..\dataset\raw\Violence\V_8.mp4,1,Violence
c:\Users\Baivab Bhusal\OneDrive\Desktop\visionGuard\aiEngine\src\..\dataset\raw\NonViolence\NV_213.mp4,0,NonViolence
c:\Users\Baivab Bhusal\OneDrive\Desktop\visionGuard\aiEngine\src\..\dataset\raw\Violence\V_600.mp4,1,Violence
c:\Users\Baivab Bhusal\OneDrive\Desktop\visionGuard\aiEngine\src\..\dataset\raw\Violence\V_805.mp4,1,Violence
c:\Users\Baivab Bhusal\OneDrive\Desktop\visionGuard\aiEngine\src\..\dataset\raw\Violence\V_447.mp4,1,Violence
c:\Users\Baivab Bhusal\OneDrive\Desktop\visionGuard\aiEngine\src\..\dataset\raw\NonViolence\NV_481.mp4,0,NonViolence
c:\Users\Baivab Bhusal\OneDrive\Desktop\visionGuard\aiEngine\src\..\dataset\raw\NonViolence\NV_100.mp4,0,NonViolence
c:\Users\Baivab Bhusal\OneDrive\Desktop\visionGuard\aiEngine\src\..\dataset\raw\NonViolence\NV_346.mp4,0,NonViolence
c:\Users\Baivab Bhusal\OneDrive\Desktop\visionGuard\aiEngine\src\..\dataset\raw\Violence\V_670.mp4,1,Violence
c:\Users\Baivab Bhusal\OneDrive\Desktop\visionGuard\aiEngine\src\..\dataset\raw\Violence\V_789.mp4,1,Violence
c:\Users\Baivab Bhusal\OneDrive\Desktop\visionGuard\aiEngine\src\..\dataset\raw\Violence\V_558.mp4,1,Violence
c:\Users\Baivab Bhusal\OneDrive\Desktop\visionGuard\aiEngine\src\..\dataset\raw\Violence\V_676.mp4,1,Violence
c:\Users\Baivab Bhusal\OneDrive\Desktop\visionGuard\aiEngine\src\..\dataset\raw\Violence\V_446.mp4,1,Violence
c:\Users\Baivab Bhusal\OneDrive\Desktop\visionGuard\aiEngine\src\..\dataset\raw\Violence\V_368.mp4,1,Violence
c:\Users\Baivab Bhusal\OneDrive\Desktop\visionGuard\aiEngine\src\..\dataset\raw\Violence\V_964.mp4,1,Violence
c:\Users\Baivab Bhusal\OneDrive\Desktop\visionGuard\aiEngine\src\..\dataset\raw\Violence\V_634.mp4,1,Violence
c:\Users\Baivab Bhusal\OneDrive\Desktop\visionGuard\aiEngine\src\..\dataset\raw\Violence\V_236.mp4,1,Violence
c:\Users\Baivab Bhusal\OneDrive\Desktop\visionGuard\aiEngine\src\..\dataset\raw\NonViolence\NV_226.mp4,0,NonViolence
c:\Users\Baivab Bhusal\OneDrive\Desktop\visionGuard\aiEngine\src\..\dataset\raw\Violence\V_295.mp4,1,Violence
c:\Users\Baivab Bhusal\OneDrive\Desktop\visionGuard\aiEngine\src\..\dataset\raw\NonViolence\NV_10.mp4,0,NonViolence
c:\Users\Baivab Bhusal\OneDrive\Desktop\visionGuard\aiEngine\src\..\dataset\raw\NonViolence\NV_424.mp4,0,NonViolence
c:\Users\Baivab Bhusal\OneDrive\Desktop\visionGuard\aiEngine\src\..\dataset\raw\Violence\V_608.mp4,1,Violence
c:\Users\Baivab Bhusal\OneDrive\Desktop\visionGuard\aiEngine\src\..\dataset\raw\Violence\V_228.mp4,1,Violence
c:\Users\Baivab Bhusal\OneDrive\Desktop\visionGuard\aiEngine\src\..\dataset\raw\NonViolence\NV_830.mp4,0,NonViolence
c:\Users\Baivab Bhusal\OneDrive\Desktop\visionGuard\aiEngine\src\..\dataset\raw\NonViolence\NV_765.mp4,0,NonViolence
c:\Users\Baivab Bhusal\OneDrive\Desktop\visionGuard\aiEngine\src\..\dataset\raw\Violence\V_373.mp4,1,Violence
c:\Users\Baivab Bhusal\OneDrive\Desktop\visionGuard\aiEngine\src\..\dataset\raw\Violence\V_902.mp4,1,Violence
c:\Users\Baivab Bhusal\OneDrive\Desktop\visionGuard\aiEngine\src\..\dataset\raw\NonViolence\NV_603.mp4,0,NonViolence
c:\Users\Baivab Bhusal\OneDrive\Desktop\visionGuard\aiEngine\src\..\dataset\raw\Violence\V_376.mp4,1,Violence
c:\Users\Baivab Bhusal\OneDrive\Desktop\visionGuard\aiEngine\src\..\dataset\raw\NonViolence\NV_560.mp4,0,NonViolence
c:\Users\Baivab Bhusal\OneDrive\Desktop\visionGuard\aiEngine\src\..\dataset\raw\NonViolence\NV_268.mp4,0,NonViolence
c:\Users\Baivab Bhusal\OneDrive\Desktop\visionGuard\aiEngine\src\..\dataset\raw\NonViolence\NV_571.mp4,0,NonViolence
c:\Users\Baivab Bhusal\OneDrive\Desktop\visionGuard\aiEngine\src\..\dataset\raw\Violence\V_412.mp4,1,Violence
c:\Users\Baivab Bhusal\OneDrive\Desktop\visionGuard\aiEngine\src\..\dataset\raw\NonViolence\NV_823.mp4,0,NonViolence
c:\Users\Baivab Bhusal\OneDrive\Desktop\visionGuard\aiEngine\src\..\dataset\raw\Violence\V_216.mp4,1,Violence
c:\Users\Baivab Bhusal\OneDrive\Desktop\visionGuard\aiEngine\src\..\dataset\raw\Violence\V_82.mp4,1,Violence
c:\Users\Baivab Bhusal\OneDrive\Desktop\visionGuard\aiEngine\src\..\dataset\raw\NonViolence\NV_812.mp4,0,NonViolence
c:\Users\Baivab Bhusal\OneDrive\Desktop\visionGuard\aiEngine\src\..\dataset\raw\Violence\V_554.mp4,1,Violence
c:\Users\Baivab Bhusal\OneDrive\Desktop\visionGuard\aiEngine\src\..\dataset\raw\Violence\V_530.mp4,1,Violence
c:\Users\Baivab Bhusal\OneDrive\Desktop\visionGuard\aiEngine\src\..\dataset\raw\NonViolence\NV_645.mp4,0,NonViolence
c:\Users\Baivab Bhusal\OneDrive\Desktop\visionGuard\aiEngine\src\..\dataset\raw\Violence\V_529.mp4,1,Violence
c:\Users\Baivab Bhusal\OneDrive\Desktop\visionGuard\aiEngine\src\..\dataset\raw\NonViolence\NV_219.mp4,0,NonViolence
c:\Users\Baivab Bhusal\OneDrive\Desktop\visionGuard\aiEngine\src\..\dataset\raw\NonViolence\NV_224.mp4,0,NonViolence
c:\Users\Baivab Bhusal\OneDrive\Desktop\visionGuard\aiEngine\src\..\dataset\raw\Violence\V_342.mp4,1,Violence
c:\Users\Baivab Bhusal\OneDrive\Desktop\visionGuard\aiEngine\src\..\dataset\raw\Violence\V_76.mp4,1,Violence
c:\Users\Baivab Bhusal\OneDrive\Desktop\visionGuard\aiEngine\src\..\dataset\raw\NonViolence\NV_144.mp4,0,NonViolence
c:\Users\Baivab Bhusal\OneDrive\Desktop\visionGuard\aiEngine\src\..\dataset\raw\NonViolence\NV_383.mp4,0,NonViolence
c:\Users\Baivab Bhusal\OneDrive\Desktop\visionGuard\aiEngine\src\..\dataset\raw\NonViolence\NV_278.mp4,0,NonViolence
c:\Users\Baivab Bhusal\OneDrive\Desktop\visionGuard\aiEngine\src\..\dataset\raw\NonViolence\NV_787.mp4,0,NonViolence
c:\Users\Baivab Bhusal\OneDrive\Desktop\visionGuard\aiEngine\src\..\dataset\raw\NonViolence\NV_229.mp4,0,NonViolence
c:\Users\Baivab Bhusal\OneDrive\Desktop\visionGuard\aiEngine\src\..\dataset\raw\Violence\V_302.mp4,1,Violence
c:\Users\Baivab Bhusal\OneDrive\Desktop\visionGuard\aiEngine\src\..\dataset\raw\Violence\V_686.mp4,1,Violence
c:\Users\Baivab Bhusal\OneDrive\Desktop\visionGuard\aiEngine\src\..\dataset\raw\NonViolence\NV_70.mp4,0,NonViolence
c:\Users\Baivab Bhusal\OneDrive\Desktop\visionGuard\aiEngine\src\..\dataset\raw\Violence\V_709.mp4,1,Violence
c:\Users\Baivab Bhusal\OneDrive\Desktop\visionGuard\aiEngine\src\..\dataset\raw\Violence\V_438.mp4,1,Violence
c:\Users\Baivab Bhusal\OneDrive\Desktop\visionGuard\aiEngine\src\..\dataset\raw\NonViolence\NV_751.mp4,0,NonViolence
c:\Users\Baivab Bhusal\OneDrive\Desktop\visionGuard\aiEngine\src\..\dataset\raw\NonViolence\NV_492.mp4,0,NonViolence
c:\Users\Baivab Bhusal\OneDrive\Desktop\visionGuard\aiEngine\src\..\dataset\raw\Violence\V_7.mp4,1,Violence
c:\Users\Baivab Bhusal\OneDrive\Desktop\visionGuard\aiEngine\src\..\dataset\raw\Violence\V_428.mp4,1,Violence
c:\Users\Baivab Bhusal\OneDrive\Desktop\visionGuard\aiEngine\src\..\dataset\raw\NonViolence\NV_308.mp4,0,NonViolence
c:\Users\Baivab Bhusal\OneDrive\Desktop\visionGuard\aiEngine\src\..\dataset\raw\Violence\V_254.mp4,1,Violence
c:\Users\Baivab Bhusal\OneDrive\Desktop\visionGuard\aiEngine\src\..\dataset\raw\NonViolence\NV_339.mp4,0,NonViolence
c:\Users\Baivab Bhusal\OneDrive\Desktop\visionGuard\aiEngine\src\..\dataset\raw\Violence\V_225.mp4,1,Violence
c:\Users\Baivab Bhusal\OneDrive\Desktop\visionGuard\aiEngine\src\..\dataset\raw\NonViolence\NV_335.mp4,0,NonViolence
c:\Users\Baivab Bhusal\OneDrive\Desktop\visionGuard\aiEngine\src\..\dataset\raw\Violence\V_495.mp4,1,Violence
c:\Users\Baivab Bhusal\OneDrive\Desktop\visionGuard\aiEngine\src\..\dataset\raw\NonViolence\NV_752.mp4,0,NonViolence
c:\Users\Baivab Bhusal\OneDrive\Desktop\visionGuard\aiEngine\src\..\dataset\raw\NonViolence\NV_29.mp4,0,NonViolence
c:\Users\Baivab Bhusal\OneDrive\Desktop\visionGuard\aiEngine\src\..\dataset\raw\NonViolence\NV_980.mp4,0,NonViolence
c:\Users\Baivab Bhusal\OneDrive\Desktop\visionGuard\aiEngine\src\..\dataset\raw\NonViolence\NV_868.avi,0,NonViolence
c:\Users\Baivab Bhusal\OneDrive\Desktop\visionGuard\aiEngine\src\..\dataset\raw\Violence\V_272.mp4,1,Violence
c:\Users\Baivab Bhusal\OneDrive\Desktop\visionGuard\aiEngine\src\..\dataset\raw\NonViolence\NV_513.mp4,0,NonViolence
c:\Users\Baivab Bhusal\OneDrive\Desktop\visionGuard\aiEngine\src\..\dataset\raw\Violence\V_384.mp4,1,Violence
c:\Users\Baivab Bhusal\OneDrive\Desktop\visionGuard\aiEngine\src\..\dataset\raw\NonViolence\NV_208.mp4,0,NonViolence
c:\Users\Baivab Bhusal\OneDrive\Desktop\visionGuard\aiEngine\src\..\dataset\raw\NonViolence\NV_247.mp4,0,NonViolence
c:\Users\Baivab Bhusal\OneDrive\Desktop\visionGuard\aiEngine\src\..\dataset\raw\NonViolence\NV_364.mp4,0,NonViolence
c:\Users\Baivab Bhusal\OneDrive\Desktop\visionGuard\aiEngine\src\..\dataset\raw\Violence\V_434.mp4,1,Violence
c:\Users\Baivab Bhusal\OneDrive\Desktop\visionGuard\aiEngine\src\..\dataset\raw\NonViolence\NV_719.mp4,0,NonViolence
c:\Users\Baivab Bhusal\OneDrive\Desktop\visionGuard\aiEngine\src\..\dataset\raw\NonViolence\NV_59.mp4,0,NonViolence
c:\Users\Baivab Bhusal\OneDrive\Desktop\visionGuard\aiEngine\src\..\dataset\raw\Violence\V_766.mp4,1,Violence
c:\Users\Baivab Bhusal\OneDrive\Desktop\visionGuard\aiEngine\src\..\dataset\raw\NonViolence\NV_39.mp4,0,NonViolence
c:\Users\Baivab Bhusal\OneDrive\Desktop\visionGuard\aiEngine\src\..\dataset\raw\NonViolence\NV_355.mp4,0,NonViolence
c:\Users\Baivab Bhusal\OneDrive\Desktop\visionGuard\aiEngine\src\..\dataset\raw\Violence\V_382.mp4,1,Violence
c:\Users\Baivab Bhusal\OneDrive\Desktop\visionGuard\aiEngine\src\..\dataset\raw\NonViolence\NV_363.mp4,0,NonViolence
c:\Users\Baivab Bhusal\OneDrive\Desktop\visionGuard\aiEngine\src\..\dataset\raw\NonViolence\NV_627.mp4,0,NonViolence
c:\Users\Baivab Bhusal\OneDrive\Desktop\visionGuard\aiEngine\src\..\dataset\raw\Violence\V_202.mp4,1,Violence
c:\Users\Baivab Bhusal\OneDrive\Desktop\visionGuard\aiEngine\src\..\dataset\raw\Violence\V_487.mp4,1,Violence
c:\Users\Baivab Bhusal\OneDrive\Desktop\visionGuard\aiEngine\src\..\dataset\raw\Violence\V_847.mp4,1,Violence
c:\Users\Baivab Bhusal\OneDrive\Desktop\visionGuard\aiEngine\src\..\dataset\raw\NonViolence\NV_912.mp4,0,NonViolence
c:\Users\Baivab Bhusal\OneDrive\Desktop\visionGuard\aiEngine\src\..\dataset\raw\Violence\V_289.mp4,1,Violence
c:\Users\Baivab Bhusal\OneDrive\Desktop\visionGuard\aiEngine\src\..\dataset\raw\NonViolence\NV_843.mp4,0,NonViolence
c:\Users\Baivab Bhusal\OneDrive\Desktop\visionGuard\aiEngine\src\..\dataset\raw\Violence\V_109.mp4,1,Violence
c:\Users\Baivab Bhusal\OneDrive\Desktop\visionGuard\aiEngine\src\..\dataset\raw\NonViolence\NV_272.mp4,0,NonViolence
c:\Users\Baivab Bhusal\OneDrive\Desktop\visionGuard\aiEngine\src\..\dataset\raw\Violence\V_841.mp4,1,Violence
c:\Users\Baivab Bhusal\OneDrive\Desktop\visionGuard\aiEngine\src\..\dataset\raw\NonViolence\NV_981.mp4,0,NonViolence
c:\Users\Baivab Bhusal\OneDrive\Desktop\visionGuard\aiEngine\src\..\dataset\raw\Violence\V_104.mp4,1,Violence
c:\Users\Baivab Bhusal\OneDrive\Desktop\visionGuard\aiEngine\src\..\dataset\raw\NonViolence\NV_432.mp4,0,NonViolence
c:\Users\Baivab Bhusal\OneDrive\Desktop\visionGuard\aiEngine\src\..\dataset\raw\NonViolence\NV_642.mp4,0,NonViolence
c:\Users\Baivab Bhusal\OneDrive\Desktop\visionGuard\aiEngine\src\..\dataset\raw\NonViolence\NV_345.mp4,0,NonViolence
c:\Users\Baivab Bhusal\OneDrive\Desktop\visionGuard\aiEngine\src\..\dataset\raw\NonViolence\NV_791.mp4,0,NonViolence
c:\Users\Baivab Bhusal\OneDrive\Desktop\visionGuard\aiEngine\src\..\dataset\raw\Violence\V_290.mp4,1,Violence
c:\Users\Baivab Bhusal\OneDrive\Desktop\visionGuard\aiEngine\src\..\dataset\raw\Violence\V_866.mp4,1,Violence
c:\Users\Baivab Bhusal\OneDrive\Desktop\visionGuard\aiEngine\src\..\dataset\raw\Violence\V_357.mp4,1,Violence
c:\Users\Baivab Bhusal\OneDrive\Desktop\visionGuard\aiEngine\src\..\dataset\raw\Violence\V_941.mp4,1,Violence
c:\Users\Baivab Bhusal\OneDrive\Desktop\visionGuard\aiEngine\src\..\dataset\raw\NonViolence\NV_706.mp4,0,NonViolence
c:\Users\Baivab Bhusal\OneDrive\Desktop\visionGuard\aiEngine\src\..\dataset\raw\NonViolence\NV_138.mp4,0,NonViolence
c:\Users\Baivab Bhusal\OneDrive\Desktop\visionGuard\aiEngine\src\..\dataset\raw\NonViolence\NV_854.mp4,0,NonViolence
c:\Users\Baivab Bhusal\OneDrive\Desktop\visionGuard\aiEngine\src\..\dataset\raw\Violence\V_422.mp4,1,Violence
c:\Users\Baivab Bhusal\OneDrive\Desktop\visionGuard\aiEngine\src\..\dataset\raw\NonViolence\NV_178.mp4,0,NonViolence
c:\Users\Baivab Bhusal\OneDrive\Desktop\visionGuard\aiEngine\src\..\dataset\raw\NonViolence\NV_163.mp4,0,NonViolence
c:\Users\Baivab Bhusal\OneDrive\Desktop\visionGuard\aiEngine\src\..\dataset\raw\NonViolence\NV_238.mp4,0,NonViolence
c:\Users\Baivab Bhusal\OneDrive\Desktop\visionGuard\aiEngine\src\..\dataset\raw\Violence\V_166.mp4,1,Violence
c:\Users\Baivab Bhusal\OneDrive\Desktop\visionGuard\aiEngine\src\..\dataset\raw\Violence\V_979.mp4,1,Violence
c:\Users\Baivab Bhusal\OneDrive\Desktop\visionGuard\aiEngine\src\..\dataset\raw\NonViolence\NV_507.mp4,0,NonViolence
c:\Users\Baivab Bhusal\OneDrive\Desktop\visionGuard\aiEngine\src\..\dataset\raw\NonViolence\NV_628.mp4,0,NonViolence
c:\Users\Baivab Bhusal\OneDrive\Desktop\visionGuard\aiEngine\src\..\dataset\raw\NonViolence\NV_24.mp4,0,NonViolence
c:\Users\Baivab Bhusal\OneDrive\Desktop\visionGuard\aiEngine\src\..\dataset\raw\Violence\V_722.mp4,1,Violence
c:\Users\Baivab Bhusal\OneDrive\Desktop\visionGuard\aiEngine\src\..\dataset\raw\NonViolence\NV_926.mp4,0,NonViolence
c:\Users\Baivab Bhusal\OneDrive\Desktop\visionGuard\aiEngine\src\..\dataset\raw\Violence\V_859.mp4,1,Violence
c:\Users\Baivab Bhusal\OneDrive\Desktop\visionGuard\aiEngine\src\..\dataset\raw\Violence\V_168.mp4,1,Violence
c:\Users\Baivab Bhusal\OneDrive\Desktop\visionGuard\aiEngine\src\..\dataset\raw\Violence\V_177.mp4,1,Violence
c:\Users\Baivab Bhusal\OneDrive\Desktop\visionGuard\aiEngine\src\..\dataset\raw\NonViolence\NV_990.mp4,0,NonViolence
c:\Users\Baivab Bhusal\OneDrive\Desktop\visionGuard\aiEngine\src\..\dataset\raw\Violence\V_880.mp4,1,Violence
c:\Users\Baivab Bhusal\OneDrive\Desktop\visionGuard\aiEngine\src\..\dataset\raw\Violence\V_578.mp4,1,Violence
c:\Users\Baivab Bhusal\OneDrive\Desktop\visionGuard\aiEngine\src\..\dataset\raw\Violence\V_687.mp4,1,Violence
c:\Users\Baivab Bhusal\OneDrive\Desktop\visionGuard\aiEngine\src\..\dataset\raw\Violence\V_742.mp4,1,Violence
c:\Users\Baivab Bhusal\OneDrive\Desktop\visionGuard\aiEngine\src\..\dataset\raw\Violence\V_230.mp4,1,Violence
c:\Users\Baivab Bhusal\OneDrive\Desktop\visionGuard\aiEngine\src\..\dataset\raw\NonViolence\NV_45.mp4,0,NonViolence
c:\Users\Baivab Bhusal\OneDrive\Desktop\visionGuard\aiEngine\src\..\dataset\raw\Violence\V_338.mp4,1,Violence
c:\Users\Baivab Bhusal\OneDrive\Desktop\visionGuard\aiEngine\src\..\dataset\raw\Violence\V_71.mp4,1,Violence
c:\Users\Baivab Bhusal\OneDrive\Desktop\visionGuard\aiEngine\src\..\dataset\raw\Violence\V_648.mp4,1,Violence
c:\Users\Baivab Bhusal\OneDrive\Desktop\visionGuard\aiEngine\src\..\dataset\raw\NonViolence\NV_457.mp4,0,NonViolence
c:\Users\Baivab Bhusal\OneDrive\Desktop\visionGuard\aiEngine\src\..\dataset\raw\NonViolence\NV_480.mp4,0,NonViolence
c:\Users\Baivab Bhusal\OneDrive\Desktop\visionGuard\aiEngine\src\..\dataset\raw\Violence\V_249.mp4,1,Violence
c:\Users\Baivab Bhusal\OneDrive\Desktop\visionGuard\aiEngine\src\..\dataset\raw\NonViolence\NV_97.mp4,0,NonViolence
c:\Users\Baivab Bhusal\OneDrive\Desktop\visionGuard\aiEngine\src\..\dataset\raw\Violence\V_299.mp4,1,Violence
c:\Users\Baivab Bhusal\OneDrive\Desktop\visionGuard\aiEngine\src\..\dataset\raw\NonViolence\NV_724.mp4,0,NonViolence
c:\Users\Baivab Bhusal\OneDrive\Desktop\visionGuard\aiEngine\src\..\dataset\raw\Violence\V_930.mp4,1,Violence
c:\Users\Baivab Bhusal\OneDrive\Desktop\visionGuard\aiEngine\src\..\dataset\raw\NonViolence\NV_266.mp4,0,NonViolence
c:\Users\Baivab Bhusal\OneDrive\Desktop\visionGuard\aiEngine\src\..\dataset\raw\Violence\V_86.mp4,1,Violence
c:\Users\Baivab Bhusal\OneDrive\Desktop\visionGuard\aiEngine\src\..\dataset\raw\NonViolence\NV_935.mp4,0,NonViolence
c:\Users\Baivab Bhusal\OneDrive\Desktop\visionGuard\aiEngine\src\..\dataset\raw\Violence\V_504.mp4,1,Violence
c:\Users\Baivab Bhusal\OneDrive\Desktop\visionGuard\aiEngine\src\..\dataset\raw\Violence\V_89.mp4,1,Violence
c:\Users\Baivab Bhusal\OneDrive\Desktop\visionGuard\aiEngine\src\..\dataset\raw\Violence\V_731.mp4,1,Violence
c:\Users\Baivab Bhusal\OneDrive\Desktop\visionGuard\aiEngine\src\..\dataset\raw\Violence\V_378.mp4,1,Violence
c:\Users\Baivab Bhusal\OneDrive\Desktop\visionGuard\aiEngine\src\..\dataset\raw\NonViolence\NV_184.mp4,0,NonViolence
c:\Users\Baivab Bhusal\OneDrive\Desktop\visionGuard\aiEngine\src\..\dataset\raw\NonViolence\NV_767.mp4,0,NonViolence
c:\Users\Baivab Bhusal\OneDrive\Desktop\visionGuard\aiEngine\src\..\dataset\raw\NonViolence\NV_403.mp4,0,NonViolence
c:\Users\Baivab Bhusal\OneDrive\Desktop\visionGuard\aiEngine\src\..\dataset\raw\NonViolence\NV_27.mp4,0,NonViolence
c:\Users\Baivab Bhusal\OneDrive\Desktop\visionGuard\aiEngine\src\..\dataset\raw\Violence\V_220.mp4,1,Violence
c:\Users\Baivab Bhusal\OneDrive\Desktop\visionGuard\aiEngine\src\..\dataset\raw\Violence\V_775.mp4,1,Violence
c:\Users\Baivab Bhusal\OneDrive\Desktop\visionGuard\aiEngine\src\..\dataset\raw\Violence\V_764.mp4,1,Violence
c:\Users\Baivab Bhusal\OneDrive\Desktop\visionGuard\aiEngine\src\..\dataset\raw\NonViolence\NV_641.mp4,0,NonViolence
c:\Users\Baivab Bhusal\OneDrive\Desktop\visionGuard\aiEngine\src\..\dataset\raw\Violence\V_291.mp4,1,Violence
c:\Users\Baivab Bhusal\OneDrive\Desktop\visionGuard\aiEngine\src\..\dataset\raw\Violence\V_229.mp4,1,Violence
c:\Users\Baivab Bhusal\OneDrive\Desktop\visionGuard\aiEngine\src\..\dataset\raw\Violence\V_990.mp4,1,Violence
c:\Users\Baivab Bhusal\OneDrive\Desktop\visionGuard\aiEngine\src\..\dataset\raw\NonViolence\NV_200.mp4,0,NonViolence
c:\Users\Baivab Bhusal\OneDrive\Desktop\visionGuard\aiEngine\src\..\dataset\raw\Violence\V_361.mp4,1,Violence
c:\Users\Baivab Bhusal\OneDrive\Desktop\visionGuard\aiEngine\src\..\dataset\raw\Violence\V_814.mp4,1,Violence
c:\Users\Baivab Bhusal\OneDrive\Desktop\visionGuard\aiEngine\src\..\dataset\raw\NonViolence\NV_46.mp4,0,NonViolence
c:\Users\Baivab Bhusal\OneDrive\Desktop\visionGuard\aiEngine\src\..\dataset\raw\Violence\V_803.mp4,1,Violence
c:\Users\Baivab Bhusal\OneDrive\Desktop\visionGuard\aiEngine\src\..\dataset\raw\Violence\V_486.mp4,1,Violence
c:\Users\Baivab Bhusal\OneDrive\Desktop\visionGuard\aiEngine\src\..\dataset\raw\Violence\V_359.mp4,1,Violence
c:\Users\Baivab Bhusal\OneDrive\Desktop\visionGuard\aiEngine\src\..\dataset\raw\NonViolence\NV_153.mp4,0,NonViolence
c:\Users\Baivab Bhusal\OneDrive\Desktop\visionGuard\aiEngine\src\..\dataset\raw\Violence\V_773.mp4,1,Violence
c:\Users\Baivab Bhusal\OneDrive\Desktop\visionGuard\aiEngine\src\..\dataset\raw\Violence\V_851.mp4,1,Violence
c:\Users\Baivab Bhusal\OneDrive\Desktop\visionGuard\aiEngine\src\..\dataset\raw\Violence\V_396.mp4,1,Violence
c:\Users\Baivab Bhusal\OneDrive\Desktop\visionGuard\aiEngine\src\..\dataset\raw\NonViolence\NV_325.mp4,0,NonViolence
c:\Users\Baivab Bhusal\OneDrive\Desktop\visionGuard\aiEngine\src\..\dataset\raw\Violence\V_682.mp4,1,Violence
c:\Users\Baivab Bhusal\OneDrive\Desktop\visionGuard\aiEngine\src\..\dataset\raw\Violence\V_224.mp4,1,Violence
c:\Users\Baivab Bhusal\OneDrive\Desktop\visionGuard\aiEngine\src\..\dataset\raw\NonViolence\NV_405.mp4,0,NonViolence
c:\Users\Baivab Bhusal\OneDrive\Desktop\visionGuard\aiEngine\src\..\dataset\raw\Violence\V_517.mp4,1,Violence
c:\Users\Baivab Bhusal\OneDrive\Desktop\visionGuard\aiEngine\src\..\dataset\raw\Violence\V_610.mp4,1,Violence
c:\Users\Baivab Bhusal\OneDrive\Desktop\visionGuard\aiEngine\src\..\dataset\raw\Violence\V_374.mp4,1,Violence
c:\Users\Baivab Bhusal\OneDrive\Desktop\visionGuard\aiEngine\src\..\dataset\raw\NonViolence\NV_801.mp4,0,NonViolence
c:\Users\Baivab Bhusal\OneDrive\Desktop\visionGuard\aiEngine\src\..\dataset\raw\Violence\V_555.mp4,1,Violence
c:\Users\Baivab Bhusal\OneDrive\Desktop\visionGuard\aiEngine\src\..\dataset\raw\NonViolence\NV_770.mp4,0,NonViolence
c:\Users\Baivab Bhusal\OneDrive\Desktop\visionGuard\aiEngine\src\..\dataset\raw\Violence\V_932.mp4,1,Violence
c:\Users\Baivab Bhusal\OneDrive\Desktop\visionGuard\aiEngine\src\..\dataset\raw\NonViolence\NV_698.mp4,0,NonViolence
c:\Users\Baivab Bhusal\OneDrive\Desktop\visionGuard\aiEngine\src\..\dataset\raw\NonViolence\NV_246.mp4,0,NonViolence
c:\Users\Baivab Bhusal\OneDrive\Desktop\visionGuard\aiEngine\src\..\dataset\raw\Violence\V_786.mp4,1,Violence
c:\Users\Baivab Bhusal\OneDrive\Desktop\visionGuard\aiEngine\src\..\dataset\raw\NonViolence\NV_68.mp4,0,NonViolence
c:\Users\Baivab Bhusal\OneDrive\Desktop\visionGuard\aiEngine\src\..\dataset\raw\NonViolence\NV_895.avi,0,NonViolence
c:\Users\Baivab Bhusal\OneDrive\Desktop\visionGuard\aiEngine\src\..\dataset\raw\NonViolence\NV_486.mp4,0,NonViolence
c:\Users\Baivab Bhusal\OneDrive\Desktop\visionGuard\aiEngine\src\..\dataset\raw\NonViolence\NV_11.mp4,0,NonViolence
c:\Users\Baivab Bhusal\OneDrive\Desktop\visionGuard\aiEngine\src\..\dataset\raw\NonViolence\NV_872.avi,0,NonViolence
c:\Users\Baivab Bhusal\OneDrive\Desktop\visionGuard\aiEngine\src\..\dataset\raw\Violence\V_22.mp4,1,Violence
c:\Users\Baivab Bhusal\OneDrive\Desktop\visionGuard\aiEngine\src\..\dataset\raw\NonViolence\NV_620.mp4,0,NonViolence
c:\Users\Baivab Bhusal\OneDrive\Desktop\visionGuard\aiEngine\src\..\dataset\raw\Violence\V_25.mp4,1,Violence
c:\Users\Baivab Bhusal\OneDrive\Desktop\visionGuard\aiEngine\src\..\dataset\raw\Violence\V_64.mp4,1,Violence
c:\Users\Baivab Bhusal\OneDrive\Desktop\visionGuard\aiEngine\src\..\dataset\raw\NonViolence\NV_503.mp4,0,NonViolence
c:\Users\Baivab Bhusal\OneDrive\Desktop\visionGuard\aiEngine\src\..\dataset\raw\NonViolence\NV_16.mp4,0,NonViolence
c:\Users\Baivab Bhusal\OneDrive\Desktop\visionGuard\aiEngine\src\..\dataset\raw\Violence\V_672.mp4,1,Violence
c:\Users\Baivab Bhusal\OneDrive\Desktop\visionGuard\aiEngine\src\..\dataset\raw\NonViolence\NV_367.mp4,0,NonViolence
c:\Users\Baivab Bhusal\OneDrive\Desktop\visionGuard\aiEngine\src\..\dataset\raw\NonViolence\NV_834.mp4,0,NonViolence
c:\Users\Baivab Bhusal\OneDrive\Desktop\visionGuard\aiEngine\src\..\dataset\raw\NonViolence\NV_611.mp4,0,NonViolence
c:\Users\Baivab Bhusal\OneDrive\Desktop\visionGuard\aiEngine\src\..\dataset\raw\Violence\V_512.mp4,1,Violence
c:\Users\Baivab Bhusal\OneDrive\Desktop\visionGuard\aiEngine\src\..\dataset\raw\Violence\V_366.mp4,1,Violence
c:\Users\Baivab Bhusal\OneDrive\Desktop\visionGuard\aiEngine\src\..\dataset\raw\NonViolence\NV_303.mp4,0,NonViolence
c:\Users\Baivab Bhusal\OneDrive\Desktop\visionGuard\aiEngine\src\..\dataset\raw\NonViolence\NV_855.mp4,0,NonViolence
c:\Users\Baivab Bhusal\OneDrive\Desktop\visionGuard\aiEngine\src\..\dataset\raw\Violence\V_846.mp4,1,Violence
c:\Users\Baivab Bhusal\OneDrive\Desktop\visionGuard\aiEngine\src\..\dataset\raw\NonViolence\NV_679.mp4,0,NonViolence
c:\Users\Baivab Bhusal\OneDrive\Desktop\visionGuard\aiEngine\src\..\dataset\raw\NonViolence\NV_728.mp4,0,NonViolence
c:\Users\Baivab Bhusal\OneDrive\Desktop\visionGuard\aiEngine\src\..\dataset\raw\NonViolence\NV_188.mp4,0,NonViolence
c:\Users\Baivab Bhusal\OneDrive\Desktop\visionGuard\aiEngine\src\..\dataset\raw\Violence\V_247.mp4,1,Violence
c:\Users\Baivab Bhusal\OneDrive\Desktop\visionGuard\aiEngine\src\..\dataset\raw\Violence\V_769.mp4,1,Violence
c:\Users\Baivab Bhusal\OneDrive\Desktop\visionGuard\aiEngine\src\..\dataset\raw\NonViolence\NV_816.mp4,0,NonViolence
c:\Users\Baivab Bhusal\OneDrive\Desktop\visionGuard\aiEngine\src\..\dataset\raw\NonViolence\NV_697.mp4,0,NonViolence
c:\Users\Baivab Bhusal\OneDrive\Desktop\visionGuard\aiEngine\src\..\dataset\raw\NonViolence\NV_375.mp4,0,NonViolence
c:\Users\Baivab Bhusal\OneDrive\Desktop\visionGuard\aiEngine\src\..\dataset\raw\Violence\V_494.mp4,1,Violence
c:\Users\Baivab Bhusal\OneDrive\Desktop\visionGuard\aiEngine\src\..\dataset\raw\NonViolence\NV_690.mp4,0,NonViolence
c:\Users\Baivab Bhusal\OneDrive\Desktop\visionGuard\aiEngine\src\..\dataset\raw\Violence\V_911.mp4,1,Violence
c:\Users\Baivab Bhusal\OneDrive\Desktop\visionGuard\aiEngine\src\..\dataset\raw\NonViolence\NV_730.mp4,0,NonViolence
c:\Users\Baivab Bhusal\OneDrive\Desktop\visionGuard\aiEngine\src\..\dataset\raw\NonViolence\NV_545.mp4,0,NonViolence
c:\Users\Baivab Bhusal\OneDrive\Desktop\visionGuard\aiEngine\src\..\dataset\raw\NonViolence\NV_195.mp4,0,NonViolence
c:\Users\Baivab Bhusal\OneDrive\Desktop\visionGuard\aiEngine\src\..\dataset\raw\Violence\V_942.mp4,1,Violence
c:\Users\Baivab Bhusal\OneDrive\Desktop\visionGuard\aiEngine\src\..\dataset\raw\Violence\V_784.mp4,1,Violence
c:\Users\Baivab Bhusal\OneDrive\Desktop\visionGuard\aiEngine\src\..\dataset\raw\Violence\V_63.mp4,1,Violence
c:\Users\Baivab Bhusal\OneDrive\Desktop\visionGuard\aiEngine\src\..\dataset\raw\NonViolence\NV_487.mp4,0,NonViolence
c:\Users\Baivab Bhusal\OneDrive\Desktop\visionGuard\aiEngine\src\..\dataset\raw\Violence\V_507.mp4,1,Violence
c:\Users\Baivab Bhusal\OneDrive\Desktop\visionGuard\aiEngine\src\..\dataset\raw\Violence\V_509.mp4,1,Violence
c:\Users\Baivab Bhusal\OneDrive\Desktop\visionGuard\aiEngine\src\..\dataset\raw\NonViolence\NV_119.mp4,0,NonViolence
c:\Users\Baivab Bhusal\OneDrive\Desktop\visionGuard\aiEngine\src\..\dataset\raw\Violence\V_119.mp4,1,Violence
c:\Users\Baivab Bhusal\OneDrive\Desktop\visionGuard\aiEngine\src\..\dataset\raw\NonViolence\NV_482.mp4,0,NonViolence
c:\Users\Baivab Bhusal\OneDrive\Desktop\visionGuard\aiEngine\src\..\dataset\raw\NonViolence\NV_543.mp4,0,NonViolence
c:\Users\Baivab Bhusal\OneDrive\Desktop\visionGuard\aiEngine\src\..\dataset\raw\NonViolence\NV_197.mp4,0,NonViolence
c:\Users\Baivab Bhusal\OneDrive\Desktop\visionGuard\aiEngine\src\..\dataset\raw\Violence\V_318.mp4,1,Violence
c:\Users\Baivab Bhusal\OneDrive\Desktop\visionGuard\aiEngine\src\..\dataset\raw\Violence\V_31.mp4,1,Violence
c:\Users\Baivab Bhusal\OneDrive\Desktop\visionGuard\aiEngine\src\..\dataset\raw\Violence\V_975.mp4,1,Violence
c:\Users\Baivab Bhusal\OneDrive\Desktop\visionGuard\aiEngine\src\..\dataset\raw\NonViolence\NV_534.mp4,0,NonViolence
c:\Users\Baivab Bhusal\OneDrive\Desktop\visionGuard\aiEngine\src\..\dataset\raw\NonViolence\NV_547.mp4,0,NonViolence
c:\Users\Baivab Bhusal\OneDrive\Desktop\visionGuard\aiEngine\src\..\dataset\raw\NonViolence\NV_191.mp4,0,NonViolence
c:\Users\Baivab Bhusal\OneDrive\Desktop\visionGuard\aiEngine\src\..\dataset\raw\Violence\V_550.mp4,1,Violence
c:\Users\Baivab Bhusal\OneDrive\Desktop\visionGuard\aiEngine\src\..\dataset\raw\NonViolence\NV_34.mp4,0,NonViolence
c:\Users\Baivab Bhusal\OneDrive\Desktop\visionGuard\aiEngine\src\..\dataset\raw\NonViolence\NV_847.mp4,0,NonViolence
c:\Users\Baivab Bhusal\OneDrive\Desktop\visionGuard\aiEngine\src\..\dataset\raw\Violence\V_566.mp4,1,Violence
c:\Users\Baivab Bhusal\OneDrive\Desktop\visionGuard\aiEngine\src\..\dataset\raw\NonViolence\NV_140.mp4,0,NonViolence
c:\Users\Baivab Bhusal\OneDrive\Desktop\visionGuard\aiEngine\src\..\dataset\raw\NonViolence\NV_725.mp4,0,NonViolence
c:\Users\Baivab Bhusal\OneDrive\Desktop\visionGuard\aiEngine\src\..\dataset\raw\NonViolence\NV_300.mp4,0,NonViolence
c:\Users\Baivab Bhusal\OneDrive\Desktop\visionGuard\aiEngine\src\..\dataset\raw\Violence\V_763.mp4,1,Violence
c:\Users\Baivab Bhusal\OneDrive\Desktop\visionGuard\aiEngine\src\..\dataset\raw\Violence\V_772.mp4,1,Violence
c:\Users\Baivab Bhusal\OneDrive\Desktop\visionGuard\aiEngine\src\..\dataset\raw\NonViolence\NV_488.mp4,0,NonViolence
c:\Users\Baivab Bhusal\OneDrive\Desktop\visionGuard\aiEngine\src\..\dataset\raw\NonViolence\NV_469.mp4,0,NonViolence
c:\Users\Baivab Bhusal\OneDrive\Desktop\visionGuard\aiEngine\src\..\dataset\raw\Violence\V_454.mp4,1,Violence
c:\Users\Baivab Bhusal\OneDrive\Desktop\visionGuard\aiEngine\src\..\dataset\raw\NonViolence\NV_558.mp4,0,NonViolence
c:\Users\Baivab Bhusal\OneDrive\Desktop\visionGuard\aiEngine\src\..\dataset\raw\Violence\V_701.mp4,1,Violence
c:\Users\Baivab Bhusal\OneDrive\Desktop\visionGuard\aiEngine\src\..\dataset\raw\NonViolence\NV_285.mp4,0,NonViolence
c:\Users\Baivab Bhusal\OneDrive\Desktop\visionGuard\aiEngine\src\..\dataset\raw\Violence\V_477.mp4,1,Violence
c:\Users\Baivab Bhusal\OneDrive\Desktop\visionGuard\aiEngine\src\..\dataset\raw\NonViolence\NV_617.mp4,0,NonViolence
c:\Users\Baivab Bhusal\OneDrive\Desktop\visionGuard\aiEngine\src\..\dataset\raw\Violence\V_936.mp4,1,Violence
c:\Users\Baivab Bhusal\OneDrive\Desktop\visionGuard\aiEngine\src\..\dataset\raw\NonViolence\NV_711.mp4,0,NonViolence
c:\Users\Baivab Bhusal\OneDrive\Desktop\visionGuard\aiEngine\src\..\dataset\raw\NonViolence\NV_471.mp4,0,NonViolence
c:\Users\Baivab Bhusal\OneDrive\Desktop\visionGuard\aiEngine\src\..\dataset\raw\NonViolence\NV_214.mp4,0,NonViolence
c:\Users\Baivab Bhusal\OneDrive\Desktop\visionGuard\aiEngine\src\..\dataset\raw\NonViolence\NV_552.mp4,0,NonViolence
c:\Users\Baivab Bhusal\OneDrive\Desktop\visionGuard\aiEngine\src\..\dataset\raw\Violence\V_865.mp4,1,Violence
c:\Users\Baivab Bhusal\OneDrive\Desktop\visionGuard\aiEngine\src\..\dataset\raw\NonViolence\NV_982.mp4,0,NonViolence
c:\Users\Baivab Bhusal\OneDrive\Desktop\visionGuard\aiEngine\src\..\dataset\raw\Violence\V_435.mp4,1,Violence
c:\Users\Baivab Bhusal\OneDrive\Desktop\visionGuard\aiEngine\src\..\dataset\raw\NonViolence\NV_83.mp4,0,NonViolence
c:\Users\Baivab Bhusal\OneDrive\Desktop\visionGuard\aiEngine\src\..\dataset\raw\Violence\V_489.mp4,1,Violence
c:\Users\Baivab Bhusal\OneDrive\Desktop\visionGuard\aiEngine\src\..\dataset\raw\Violence\V_539.mp4,1,Violence
c:\Users\Baivab Bhusal\OneDrive\Desktop\visionGuard\aiEngine\src\..\dataset\raw\Violence\V_301.mp4,1,Violence
c:\Users\Baivab Bhusal\OneDrive\Desktop\visionGuard\aiEngine\src\..\dataset\raw\NonViolence\NV_123.mp4,0,NonViolence
c:\Users\Baivab Bhusal\OneDrive\Desktop\visionGuard\aiEngine\src\..\dataset\raw\Violence\V_1.mp4,1,Violence
c:\Users\Baivab Bhusal\OneDrive\Desktop\visionGuard\aiEngine\src\..\dataset\raw\Violence\V_582.mp4,1,Violence
c:\Users\Baivab Bhusal\OneDrive\Desktop\visionGuard\aiEngine\src\..\dataset\raw\Violence\V_43.mp4,1,Violence
c:\Users\Baivab Bhusal\OneDrive\Desktop\visionGuard\aiEngine\src\..\dataset\raw\NonViolence\NV_739.mp4,0,NonViolence
c:\Users\Baivab Bhusal\OneDrive\Desktop\visionGuard\aiEngine\src\..\dataset\raw\NonViolence\NV_379.mp4,0,NonViolence
c:\Users\Baivab Bhusal\OneDrive\Desktop\visionGuard\aiEngine\src\..\dataset\raw\NonViolence\NV_30.mp4,0,NonViolence
c:\Users\Baivab Bhusal\OneDrive\Desktop\visionGuard\aiEngine\src\..\dataset\raw\Violence\V_703.mp4,1,Violence
c:\Users\Baivab Bhusal\OneDrive\Desktop\visionGuard\aiEngine\src\..\dataset\raw\Violence\V_223.mp4,1,Violence
c:\Users\Baivab Bhusal\OneDrive\Desktop\visionGuard\aiEngine\src\..\dataset\raw\Violence\V_310.mp4,1,Violence
c:\Users\Baivab Bhusal\OneDrive\Desktop\visionGuard\aiEngine\src\..\dataset\raw\Violence\V_934.mp4,1,Violence
c:\Users\Baivab Bhusal\OneDrive\Desktop\visionGuard\aiEngine\src\..\dataset\raw\NonViolence\NV_304.mp4,0,NonViolence
c:\Users\Baivab Bhusal\OneDrive\Desktop\visionGuard\aiEngine\src\..\dataset\raw\NonViolence\NV_858.mp4,0,NonViolence
c:\Users\Baivab Bhusal\OneDrive\Desktop\visionGuard\aiEngine\src\..\dataset\raw\NonViolence\NV_494.mp4,0,NonViolence
c:\Users\Baivab Bhusal\OneDrive\Desktop\visionGuard\aiEngine\src\..\dataset\raw\NonViolence\NV_608.mp4,0,NonViolence
c:\Users\Baivab Bhusal\OneDrive\Desktop\visionGuard\aiEngine\src\..\dataset\raw\Violence\V_298.mp4,1,Violence
c:\Users\Baivab Bhusal\OneDrive\Desktop\visionGuard\aiEngine\src\..\dataset\raw\NonViolence\NV_660.mp4,0,NonViolence
c:\Users\Baivab Bhusal\OneDrive\Desktop\visionGuard\aiEngine\src\..\dataset\raw\NonViolence\NV_951.mp4,0,NonViolence
c:\Users\Baivab Bhusal\OneDrive\Desktop\visionGuard\aiEngine\src\..\dataset\raw\Violence\V_54.mp4,1,Violence
c:\Users\Baivab Bhusal\OneDrive\Desktop\visionGuard\aiEngine\src\..\dataset\raw\Violence\V_793.mp4,1,Violence
c:\Users\Baivab Bhusal\OneDrive\Desktop\visionGuard\aiEngine\src\..\dataset\raw\Violence\V_576.mp4,1,Violence
c:\Users\Baivab Bhusal\OneDrive\Desktop\visionGuard\aiEngine\src\..\dataset\raw\Violence\V_281.mp4,1,Violence
c:\Users\Baivab Bhusal\OneDrive\Desktop\visionGuard\aiEngine\src\..\dataset\raw\Violence\V_234.mp4,1,Violence
c:\Users\Baivab Bhusal\OneDrive\Desktop\visionGuard\aiEngine\src\..\dataset\raw\Violence\V_55.mp4,1,Violence
c:\Users\Baivab Bhusal\OneDrive\Desktop\visionGuard\aiEngine\src\..\dataset\raw\NonViolence\NV_6.mp4,0,NonViolence
c:\Users\Baivab Bhusal\OneDrive\Desktop\visionGuard\aiEngine\src\..\dataset\raw\Violence\V_468.mp4,1,Violence
c:\Users\Baivab Bhusal\OneDrive\Desktop\visionGuard\aiEngine\src\..\dataset\raw\Violence\V_279.mp4,1,Violence
c:\Users\Baivab Bhusal\OneDrive\Desktop\visionGuard\aiEngine\src\..\dataset\raw\NonViolence\NV_691.mp4,0,NonViolence
c:\Users\Baivab Bhusal\OneDrive\Desktop\visionGuard\aiEngine\src\..\dataset\raw\Violence\V_46.mp4,1,Violence
c:\Users\Baivab Bhusal\OneDrive\Desktop\visionGuard\aiEngine\src\..\dataset\raw\NonViolence\NV_368.mp4,0,NonViolence
c:\Users\Baivab Bhusal\OneDrive\Desktop\visionGuard\aiEngine\src\..\dataset\raw\NonViolence\NV_250.mp4,0,NonViolence
c:\Users\Baivab Bhusal\OneDrive\Desktop\visionGuard\aiEngine\src\..\dataset\raw\NonViolence\NV_786.mp4,0,NonViolence
c:\Users\Baivab Bhusal\OneDrive\Desktop\visionGuard\aiEngine\src\..\dataset\raw\Violence\V_723.mp4,1,Violence
c:\Users\Baivab Bhusal\OneDrive\Desktop\visionGuard\aiEngine\src\..\dataset\raw\NonViolence\NV_130.mp4,0,NonViolence
c:\Users\Baivab Bhusal\OneDrive\Desktop\visionGuard\aiEngine\src\..\dataset\raw\Violence\V_102.mp4,1,Violence
c:\Users\Baivab Bhusal\OneDrive\Desktop\visionGuard\aiEngine\src\..\dataset\raw\Violence\V_355.mp4,1,Violence
c:\Users\Baivab Bhusal\OneDrive\Desktop\visionGuard\aiEngine\src\..\dataset\raw\Violence\V_511.mp4,1,Violence
c:\Users\Baivab Bhusal\OneDrive\Desktop\visionGuard\aiEngine\src\..\dataset\raw\NonViolence\NV_794.mp4,0,NonViolence
c:\Users\Baivab Bhusal\OneDrive\Desktop\visionGuard\aiEngine\src\..\dataset\raw\NonViolence\NV_207.mp4,0,NonViolence
c:\Users\Baivab Bhusal\OneDrive\Desktop\visionGuard\aiEngine\src\..\dataset\raw\NonViolence\NV_430.mp4,0,NonViolence
c:\Users\Baivab Bhusal\OneDrive\Desktop\visionGuard\aiEngine\src\..\dataset\raw\Violence\V_692.mp4,1,Violence
c:\Users\Baivab Bhusal\OneDrive\Desktop\visionGuard\aiEngine\src\..\dataset\raw\NonViolence\NV_168.mp4,0,NonViolence
c:\Users\Baivab Bhusal\OneDrive\Desktop\visionGuard\aiEngine\src\..\dataset\raw\NonViolence\NV_484.mp4,0,NonViolence
c:\Users\Baivab Bhusal\OneDrive\Desktop\visionGuard\aiEngine\src\..\dataset\raw\NonViolence\NV_186.mp4,0,NonViolence
c:\Users\Baivab Bhusal\OneDrive\Desktop\visionGuard\aiEngine\src\..\dataset\raw\Violence\V_929.mp4,1,Violence
c:\Users\Baivab Bhusal\OneDrive\Desktop\visionGuard\aiEngine\src\..\dataset\raw\Violence\V_798.mp4,1,Violence
c:\Users\Baivab Bhusal\OneDrive\Desktop\visionGuard\aiEngine\src\..\dataset\raw\Violence\V_680.mp4,1,Violence
c:\Users\Baivab Bhusal\OneDrive\Desktop\visionGuard\aiEngine\src\..\dataset\raw\Violence\V_406.mp4,1,Violence
c:\Users\Baivab Bhusal\OneDrive\Desktop\visionGuard\aiEngine\src\..\dataset\raw\Violence\V_36.mp4,1,Violence
c:\Users\Baivab Bhusal\OneDrive\Desktop\visionGuard\aiEngine\src\..\dataset\raw\NonViolence\NV_936.mp4,0,NonViolence
c:\Users\Baivab Bhusal\OneDrive\Desktop\visionGuard\aiEngine\src\..\dataset\raw\Violence\V_38.mp4,1,Violence
c:\Users\Baivab Bhusal\OneDrive\Desktop\visionGuard\aiEngine\src\..\dataset\raw\Violence\V_386.mp4,1,Violence
c:\Users\Baivab Bhusal\OneDrive\Desktop\visionGuard\aiEngine\src\..\dataset\raw\Violence\V_690.mp4,1,Violence
c:\Users\Baivab Bhusal\OneDrive\Desktop\visionGuard\aiEngine\src\..\dataset\raw\NonViolence\NV_52.mp4,0,NonViolence
c:\Users\Baivab Bhusal\OneDrive\Desktop\visionGuard\aiEngine\src\..\dataset\raw\NonViolence\NV_817.mp4,0,NonViolence
c:\Users\Baivab Bhusal\OneDrive\Desktop\visionGuard\aiEngine\src\..\dataset\raw\Violence\V_884.mp4,1,Violence
c:\Users\Baivab Bhusal\OneDrive\Desktop\visionGuard\aiEngine\src\..\dataset\raw\NonViolence\NV_941.mp4,0,NonViolence
c:\Users\Baivab Bhusal\OneDrive\Desktop\visionGuard\aiEngine\src\..\dataset\raw\NonViolence\NV_436.mp4,0,NonViolence
c:\Users\Baivab Bhusal\OneDrive\Desktop\visionGuard\aiEngine\src\..\dataset\raw\Violence\V_875.mp4,1,Violence
c:\Users\Baivab Bhusal\OneDrive\Desktop\visionGuard\aiEngine\src\..\dataset\raw\Violence\V_702.mp4,1,Violence
c:\Users\Baivab Bhusal\OneDrive\Desktop\visionGuard\aiEngine\src\..\dataset\raw\NonViolence\NV_916.mp4,0,NonViolence
c:\Users\Baivab Bhusal\OneDrive\Desktop\visionGuard\aiEngine\src\..\dataset\raw\Violence\V_94.mp4,1,Violence
c:\Users\Baivab Bhusal\OneDrive\Desktop\visionGuard\aiEngine\src\..\dataset\raw\Violence\V_128.mp4,1,Violence
c:\Users\Baivab Bhusal\OneDrive\Desktop\visionGuard\aiEngine\src\..\dataset\raw\NonViolence\NV_387.mp4,0,NonViolence
c:\Users\Baivab Bhusal\OneDrive\Desktop\visionGuard\aiEngine\src\..\dataset\raw\Violence\V_988.mp4,1,Violence
c:\Users\Baivab Bhusal\OneDrive\Desktop\visionGuard\aiEngine\src\..\dataset\raw\NonViolence\NV_562.mp4,0,NonViolence
c:\Users\Baivab Bhusal\OneDrive\Desktop\visionGuard\aiEngine\src\..\dataset\raw\NonViolence\NV_815.mp4,0,NonViolence
c:\Users\Baivab Bhusal\OneDrive\Desktop\visionGuard\aiEngine\src\..\dataset\raw\NonViolence\NV_987.mp4,0,NonViolence
c:\Users\Baivab Bhusal\OneDrive\Desktop\visionGuard\aiEngine\src\..\dataset\raw\Violence\V_940.mp4,1,Violence
c:\Users\Baivab Bhusal\OneDrive\Desktop\visionGuard\aiEngine\src\..\dataset\raw\Violence\V_892.mp4,1,Violence
c:\Users\Baivab Bhusal\OneDrive\Desktop\visionGuard\aiEngine\src\..\dataset\raw\Violence\V_45.mp4,1,Violence
c:\Users\Baivab Bhusal\OneDrive\Desktop\visionGuard\aiEngine\src\..\dataset\raw\NonViolence\NV_286.mp4,0,NonViolence
c:\Users\Baivab Bhusal\OneDrive\Desktop\visionGuard\aiEngine\src\..\dataset\raw\NonViolence\NV_800.mp4,0,NonViolence
c:\Users\Baivab Bhusal\OneDrive\Desktop\visionGuard\aiEngine\src\..\dataset\raw\NonViolence\NV_911.mp4,0,NonViolence
c:\Users\Baivab Bhusal\OneDrive\Desktop\visionGuard\aiEngine\src\..\dataset\raw\Violence\V_222.mp4,1,Violence
c:\Users\Baivab Bhusal\OneDrive\Desktop\visionGuard\aiEngine\src\..\dataset\raw\NonViolence\NV_992.mp4,0,NonViolence
c:\Users\Baivab Bhusal\OneDrive\Desktop\visionGuard\aiEngine\src\..\dataset\raw\Violence\V_724.mp4,1,Violence
c:\Users\Baivab Bhusal\OneDrive\Desktop\visionGuard\aiEngine\src\..\dataset\raw\Violence\V_352.mp4,1,Violence
c:\Users\Baivab Bhusal\OneDrive\Desktop\visionGuard\aiEngine\src\..\dataset\raw\NonViolence\NV_1.mp4,0,NonViolence
c:\Users\Baivab Bhusal\OneDrive\Desktop\visionGuard\aiEngine\src\..\dataset\raw\Violence\V_713.mp4,1,Violence
c:\Users\Baivab Bhusal\OneDrive\Desktop\visionGuard\aiEngine\src\..\dataset\raw\NonViolence\NV_259.mp4,0,NonViolence
c:\Users\Baivab Bhusal\OneDrive\Desktop\visionGuard\aiEngine\src\..\dataset\raw\NonViolence\NV_94.mp4,0,NonViolence
c:\Users\Baivab Bhusal\OneDrive\Desktop\visionGuard\aiEngine\src\..\dataset\raw\Violence\V_557.mp4,1,Violence
c:\Users\Baivab Bhusal\OneDrive\Desktop\visionGuard\aiEngine\src\..\dataset\raw\Violence\V_617.mp4,1,Violence
c:\Users\Baivab Bhusal\OneDrive\Desktop\visionGuard\aiEngine\src\..\dataset\raw\NonViolence\NV_772.mp4,0,NonViolence
c:\Users\Baivab Bhusal\OneDrive\Desktop\visionGuard\aiEngine\src\..\dataset\raw\NonViolence\NV_614.mp4,0,NonViolence
c:\Users\Baivab Bhusal\OneDrive\Desktop\visionGuard\aiEngine\src\..\dataset\raw\Violence\V_339.mp4,1,Violence
c:\Users\Baivab Bhusal\OneDrive\Desktop\visionGuard\aiEngine\src\..\dataset\raw\NonViolence\NV_76.mp4,0,NonViolence
c:\Users\Baivab Bhusal\OneDrive\Desktop\visionGuard\aiEngine\src\..\dataset\raw\NonViolence\NV_198.mp4,0,NonViolence
c:\Users\Baivab Bhusal\OneDrive\Desktop\visionGuard\aiEngine\src\..\dataset\raw\Violence\V_918.mp4,1,Violence
c:\Users\Baivab Bhusal\OneDrive\Desktop\visionGuard\aiEngine\src\..\dataset\raw\Violence\V_356.mp4,1,Violence
c:\Users\Baivab Bhusal\OneDrive\Desktop\visionGuard\aiEngine\src\..\dataset\raw\Violence\V_327.mp4,1,Violence
c:\Users\Baivab Bhusal\OneDrive\Desktop\visionGuard\aiEngine\src\..\dataset\raw\Violence\V_323.mp4,1,Violence
c:\Users\Baivab Bhusal\OneDrive\Desktop\visionGuard\aiEngine\src\..\dataset\raw\Violence\V_171.mp4,1,Violence
c:\Users\Baivab Bhusal\OneDrive\Desktop\visionGuard\aiEngine\src\..\dataset\raw\Violence\V_380.mp4,1,Violence
c:\Users\Baivab Bhusal\OneDrive\Desktop\visionGuard\aiEngine\src\..\dataset\raw\Violence\V_479.mp4,1,Violence
c:\Users\Baivab Bhusal\OneDrive\Desktop\visionGuard\aiEngine\src\..\dataset\raw\NonViolence\NV_177.mp4,0,NonViolence
c:\Users\Baivab Bhusal\OneDrive\Desktop\visionGuard\aiEngine\src\..\dataset\raw\NonViolence\NV_996.mp4,0,NonViolence
c:\Users\Baivab Bhusal\OneDrive\Desktop\visionGuard\aiEngine\src\..\dataset\raw\Violence\V_631.mp4,1,Violence
c:\Users\Baivab Bhusal\OneDrive\Desktop\visionGuard\aiEngine\src\..\dataset\raw\Violence\V_167.mp4,1,Violence
c:\Users\Baivab Bhusal\OneDrive\Desktop\visionGuard\aiEngine\src\..\dataset\raw\NonViolence\NV_141.mp4,0,NonViolence
c:\Users\Baivab Bhusal\OneDrive\Desktop\visionGuard\aiEngine\src\..\dataset\raw\Violence\V_284.mp4,1,Violence
c:\Users\Baivab Bhusal\OneDrive\Desktop\visionGuard\aiEngine\src\..\dataset\raw\Violence\V_372.mp4,1,Violence
c:\Users\Baivab Bhusal\OneDrive\Desktop\visionGuard\aiEngine\src\..\dataset\raw\NonViolence\NV_928.mp4,0,NonViolence
c:\Users\Baivab Bhusal\OneDrive\Desktop\visionGuard\aiEngine\src\..\dataset\raw\Violence\V_413.mp4,1,Violence
c:\Users\Baivab Bhusal\OneDrive\Desktop\visionGuard\aiEngine\src\..\dataset\raw\Violence\V_879.mp4,1,Violence
c:\Users\Baivab Bhusal\OneDrive\Desktop\visionGuard\aiEngine\src\..\dataset\raw\Violence\V_756.mp4,1,Violence
c:\Users\Baivab Bhusal\OneDrive\Desktop\visionGuard\aiEngine\src\..\dataset\raw\Violence\V_671.mp4,1,Violence
c:\Users\Baivab Bhusal\OneDrive\Desktop\visionGuard\aiEngine\src\..\dataset\raw\NonViolence\NV_945.mp4,0,NonViolence
c:\Users\Baivab Bhusal\OneDrive\Desktop\visionGuard\aiEngine\src\..\dataset\raw\Violence\V_424.mp4,1,Violence
c:\Users\Baivab Bhusal\OneDrive\Desktop\visionGuard\aiEngine\src\..\dataset\raw\Violence\V_739.mp4,1,Violence
c:\Users\Baivab Bhusal\OneDrive\Desktop\visionGuard\aiEngine\src\..\dataset\raw\Violence\V_536.mp4,1,Violence
c:\Users\Baivab Bhusal\OneDrive\Desktop\visionGuard\aiEngine\src\..\dataset\raw\NonViolence\NV_615.mp4,0,NonViolence
c:\Users\Baivab Bhusal\OneDrive\Desktop\visionGuard\aiEngine\src\..\dataset\raw\NonViolence\NV_967.mp4,0,NonViolence
c:\Users\Baivab Bhusal\OneDrive\Desktop\visionGuard\aiEngine\src\..\dataset\raw\NonViolence\NV_595.mp4,0,NonViolence
c:\Users\Baivab Bhusal\OneDrive\Desktop\visionGuard\aiEngine\src\..\dataset\raw\Violence\V_394.mp4,1,Violence
c:\Users\Baivab Bhusal\OneDrive\Desktop\visionGuard\aiEngine\src\..\dataset\raw\Violence\V_218.mp4,1,Violence
c:\Users\Baivab Bhusal\OneDrive\Desktop\visionGuard\aiEngine\src\..\dataset\raw\NonViolence\NV_565.mp4,0,NonViolence
c:\Users\Baivab Bhusal\OneDrive\Desktop\visionGuard\aiEngine\src\..\dataset\raw\Violence\V_943.mp4,1,Violence
c:\Users\Baivab Bhusal\OneDrive\Desktop\visionGuard\aiEngine\src\..\dataset\raw\NonViolence\NV_66.mp4,0,NonViolence
c:\Users\Baivab Bhusal\OneDrive\Desktop\visionGuard\aiEngine\src\..\dataset\raw\NonViolence\NV_498.mp4,0,NonViolence
c:\Users\Baivab Bhusal\OneDrive\Desktop\visionGuard\aiEngine\src\..\dataset\raw\Violence\V_971.mp4,1,Violence
c:\Users\Baivab Bhusal\OneDrive\Desktop\visionGuard\aiEngine\src\..\dataset\raw\NonViolence\NV_663.mp4,0,NonViolence
c:\Users\Baivab Bhusal\OneDrive\Desktop\visionGuard\aiEngine\src\..\dataset\raw\Violence\V_626.mp4,1,Violence
c:\Users\Baivab Bhusal\OneDrive\Desktop\visionGuard\aiEngine\src\..\dataset\raw\Violence\V_741.mp4,1,Violence
c:\Users\Baivab Bhusal\OneDrive\Desktop\visionGuard\aiEngine\src\..\dataset\raw\NonViolence\NV_670.mp4,0,NonViolence
c:\Users\Baivab Bhusal\OneDrive\Desktop\visionGuard\aiEngine\src\..\dataset\raw\Violence\V_579.mp4,1,Violence
c:\Users\Baivab Bhusal\OneDrive\Desktop\visionGuard\aiEngine\src\..\dataset\raw\Violence\V_780.mp4,1,Violence
c:\Users\Baivab Bhusal\OneDrive\Desktop\visionGuard\aiEngine\src\..\dataset\raw\Violence\V_665.mp4,1,Violence
c:\Users\Baivab Bhusal\OneDrive\Desktop\visionGuard\aiEngine\src\..\dataset\raw\NonViolence\NV_553.mp4,0,NonViolence
c:\Users\Baivab Bhusal\OneDrive\Desktop\visionGuard\aiEngine\src\..\dataset\raw\Violence\V_204.mp4,1,Violence
c:\Users\Baivab Bhusal\OneDrive\Desktop\visionGuard\aiEngine\src\..\dataset\raw\Violence\V_1000.mp4,1,Violence
c:\Users\Baivab Bhusal\OneDrive\Desktop\visionGuard\aiEngine\src\..\dataset\raw\Violence\V_304.mp4,1,Violence
c:\Users\Baivab Bhusal\OneDrive\Desktop\visionGuard\aiEngine\src\..\dataset\raw\Violence\V_636.mp4,1,Violence
c:\Users\Baivab Bhusal\OneDrive\Desktop\visionGuard\aiEngine\src\..\dataset\raw\Violence\V_891.mp4,1,Violence
c:\Users\Baivab Bhusal\OneDrive\Desktop\visionGuard\aiEngine\src\..\dataset\raw\Violence\V_115.mp4,1,Violence
c:\Users\Baivab Bhusal\OneDrive\Desktop\visionGuard\aiEngine\src\..\dataset\raw\Violence\V_350.mp4,1,Violence
c:\Users\Baivab Bhusal\OneDrive\Desktop\visionGuard\aiEngine\src\..\dataset\raw\NonViolence\NV_164.mp4,0,NonViolence
c:\Users\Baivab Bhusal\OneDrive\Desktop\visionGuard\aiEngine\src\..\dataset\raw\Violence\V_493.mp4,1,Violence
c:\Users\Baivab Bhusal\OneDrive\Desktop\visionGuard\aiEngine\src\..\dataset\raw\NonViolence\NV_291.mp4,0,NonViolence
c:\Users\Baivab Bhusal\OneDrive\Desktop\visionGuard\aiEngine\src\..\dataset\raw\Violence\V_379.mp4,1,Violence
c:\Users\Baivab Bhusal\OneDrive\Desktop\visionGuard\aiEngine\src\..\dataset\raw\NonViolence\NV_572.mp4,0,NonViolence
c:\Users\Baivab Bhusal\OneDrive\Desktop\visionGuard\aiEngine\src\..\dataset\raw\Violence\V_165.mp4,1,Violence
c:\Users\Baivab Bhusal\OneDrive\Desktop\visionGuard\aiEngine\src\..\dataset\raw\NonViolence\NV_914.mp4,0,NonViolence
c:\Users\Baivab Bhusal\OneDrive\Desktop\visionGuard\aiEngine\src\..\dataset\raw\Violence\V_593.mp4,1,Violence
c:\Users\Baivab Bhusal\OneDrive\Desktop\visionGuard\aiEngine\src\..\dataset\raw\Violence\V_354.mp4,1,Violence
c:\Users\Baivab Bhusal\OneDrive\Desktop\visionGuard\aiEngine\src\..\dataset\raw\Violence\V_250.mp4,1,Violence
c:\Users\Baivab Bhusal\OneDrive\Desktop\visionGuard\aiEngine\src\..\dataset\raw\NonViolence\NV_307.mp4,0,NonViolence
c:\Users\Baivab Bhusal\OneDrive\Desktop\visionGuard\aiEngine\src\..\dataset\raw\Violence\V_369.mp4,1,Violence
c:\Users\Baivab Bhusal\OneDrive\Desktop\visionGuard\aiEngine\src\..\dataset\raw\Violence\V_960.mp4,1,Violence
c:\Users\Baivab Bhusal\OneDrive\Desktop\visionGuard\aiEngine\src\..\dataset\raw\NonViolence\NV_591.mp4,0,NonViolence
c:\Users\Baivab Bhusal\OneDrive\Desktop\visionGuard\aiEngine\src\..\dataset\raw\NonViolence\NV_542.mp4,0,NonViolence
c:\Users\Baivab Bhusal\OneDrive\Desktop\visionGuard\aiEngine\src\..\dataset\raw\NonViolence\NV_803.mp4,0,NonViolence
c:\Users\Baivab Bhusal\OneDrive\Desktop\visionGuard\aiEngine\src\..\dataset\raw\Violence\V_538.mp4,1,Violence
c:\Users\Baivab Bhusal\OneDrive\Desktop\visionGuard\aiEngine\src\..\dataset\raw\NonViolence\NV_667.mp4,0,NonViolence
c:\Users\Baivab Bhusal\OneDrive\Desktop\visionGuard\aiEngine\src\..\dataset\raw\Violence\V_348.mp4,1,Violence
c:\Users\Baivab Bhusal\OneDrive\Desktop\visionGuard\aiEngine\src\..\dataset\raw\NonViolence\NV_361.mp4,0,NonViolence
c:\Users\Baivab Bhusal\OneDrive\Desktop\visionGuard\aiEngine\src\..\dataset\raw\Violence\V_837.mp4,1,Violence
c:\Users\Baivab Bhusal\OneDrive\Desktop\visionGuard\aiEngine\src\..\dataset\raw\Violence\V_29.mp4,1,Violence
c:\Users\Baivab Bhusal\OneDrive\Desktop\visionGuard\aiEngine\src\..\dataset\raw\NonViolence\NV_14.mp4,0,NonViolence
c:\Users\Baivab Bhusal\OneDrive\Desktop\visionGuard\aiEngine\src\..\dataset\raw\NonViolence\NV_522.mp4,0,NonViolence
c:\Users\Baivab Bhusal\OneDrive\Desktop\visionGuard\aiEngine\src\..\dataset\raw\NonViolence\NV_650.mp4,0,NonViolence
c:\Users\Baivab Bhusal\OneDrive\Desktop\visionGuard\aiEngine\src\..\dataset\raw\Violence\V_460.mp4,1,Violence
c:\Users\Baivab Bhusal\OneDrive\Desktop\visionGuard\aiEngine\src\..\dataset\raw\Violence\V_470.mp4,1,Violence
c:\Users\Baivab Bhusal\OneDrive\Desktop\visionGuard\aiEngine\src\..\dataset\raw\Violence\V_148.mp4,1,Violence
c:\Users\Baivab Bhusal\OneDrive\Desktop\visionGuard\aiEngine\src\..\dataset\raw\NonViolence\NV_316.mp4,0,NonViolence
c:\Users\Baivab Bhusal\OneDrive\Desktop\visionGuard\aiEngine\src\..\dataset\raw\NonViolence\NV_474.mp4,0,NonViolence
c:\Users\Baivab Bhusal\OneDrive\Desktop\visionGuard\aiEngine\src\..\dataset\raw\Violence\V_480.mp4,1,Violence
c:\Users\Baivab Bhusal\OneDrive\Desktop\visionGuard\aiEngine\src\..\dataset\raw\Violence\V_984.mp4,1,Violence
c:\Users\Baivab Bhusal\OneDrive\Desktop\visionGuard\aiEngine\src\..\dataset\raw\Violence\V_752.mp4,1,Violence
c:\Users\Baivab Bhusal\OneDrive\Desktop\visionGuard\aiEngine\src\..\dataset\raw\Violence\V_832.mp4,1,Violence
c:\Users\Baivab Bhusal\OneDrive\Desktop\visionGuard\aiEngine\src\..\dataset\raw\Violence\V_877.mp4,1,Violence
c:\Users\Baivab Bhusal\OneDrive\Desktop\visionGuard\aiEngine\src\..\dataset\raw\NonViolence\NV_760.mp4,0,NonViolence
c:\Users\Baivab Bhusal\OneDrive\Desktop\visionGuard\aiEngine\src\..\dataset\raw\NonViolence\NV_701.mp4,0,NonViolence
c:\Users\Baivab Bhusal\OneDrive\Desktop\visionGuard\aiEngine\src\..\dataset\raw\Violence\V_26.mp4,1,Violence
c:\Users\Baivab Bhusal\OneDrive\Desktop\visionGuard\aiEngine\src\..\dataset\raw\Violence\V_111.mp4,1,Violence
c:\Users\Baivab Bhusal\OneDrive\Desktop\visionGuard\aiEngine\src\..\dataset\raw\NonViolence\NV_314.mp4,0,NonViolence
c:\Users\Baivab Bhusal\OneDrive\Desktop\visionGuard\aiEngine\src\..\dataset\raw\NonViolence\NV_901.avi,0,NonViolence
c:\Users\Baivab Bhusal\OneDrive\Desktop\visionGuard\aiEngine\src\..\dataset\raw\NonViolence\NV_866.avi,0,NonViolence
c:\Users\Baivab Bhusal\OneDrive\Desktop\visionGuard\aiEngine\src\..\dataset\raw\NonViolence\NV_299.mp4,0,NonViolence
c:\Users\Baivab Bhusal\OneDrive\Desktop\visionGuard\aiEngine\src\..\dataset\raw\Violence\V_695.mp4,1,Violence
c:\Users\Baivab Bhusal\OneDrive\Desktop\visionGuard\aiEngine\src\..\dataset\raw\Violence\V_321.mp4,1,Violence
c:\Users\Baivab Bhusal\OneDrive\Desktop\visionGuard\aiEngine\src\..\dataset\raw\NonViolence\NV_248.mp4,0,NonViolence
c:\Users\Baivab Bhusal\OneDrive\Desktop\visionGuard\aiEngine\src\..\dataset\raw\Violence\V_308.mp4,1,Violence
c:\Users\Baivab Bhusal\OneDrive\Desktop\visionGuard\aiEngine\src\..\dataset\raw\Violence\V_908.mp4,1,Violence
c:\Users\Baivab Bhusal\OneDrive\Desktop\visionGuard\aiEngine\src\..\dataset\raw\Violence\V_721.mp4,1,Violence
c:\Users\Baivab Bhusal\OneDrive\Desktop\visionGuard\aiEngine\src\..\dataset\raw\Violence\V_42.mp4,1,Violence
c:\Users\Baivab Bhusal\OneDrive\Desktop\visionGuard\aiEngine\src\..\dataset\raw\NonViolence\NV_222.mp4,0,NonViolence
c:\Users\Baivab Bhusal\OneDrive\Desktop\visionGuard\aiEngine\src\..\dataset\raw\NonViolence\NV_421.mp4,0,NonViolence
c:\Users\Baivab Bhusal\OneDrive\Desktop\visionGuard\aiEngine\src\..\dataset\raw\Violence\V_392.mp4,1,Violence
c:\Users\Baivab Bhusal\OneDrive\Desktop\visionGuard\aiEngine\src\..\dataset\raw\NonViolence\NV_626.mp4,0,NonViolence
c:\Users\Baivab Bhusal\OneDrive\Desktop\visionGuard\aiEngine\src\..\dataset\raw\Violence\V_336.mp4,1,Violence
c:\Users\Baivab Bhusal\OneDrive\Desktop\visionGuard\aiEngine\src\..\dataset\raw\Violence\V_635.mp4,1,Violence
c:\Users\Baivab Bhusal\OneDrive\Desktop\visionGuard\aiEngine\src\..\dataset\raw\NonViolence\NV_369.mp4,0,NonViolence
c:\Users\Baivab Bhusal\OneDrive\Desktop\visionGuard\aiEngine\src\..\dataset\raw\Violence\V_265.mp4,1,Violence
c:\Users\Baivab Bhusal\OneDrive\Desktop\visionGuard\aiEngine\src\..\dataset\raw\Violence\V_551.mp4,1,Violence
c:\Users\Baivab Bhusal\OneDrive\Desktop\visionGuard\aiEngine\src\..\dataset\raw\NonViolence\NV_324.mp4,0,NonViolence
c:\Users\Baivab Bhusal\OneDrive\Desktop\visionGuard\aiEngine\src\..\dataset\raw\Violence\V_827.mp4,1,Violence
c:\Users\Baivab Bhusal\OneDrive\Desktop\visionGuard\aiEngine\src\..\dataset\raw\NonViolence\NV_283.mp4,0,NonViolence
c:\Users\Baivab Bhusal\OneDrive\Desktop\visionGuard\aiEngine\src\..\dataset\raw\Violence\V_296.mp4,1,Violence
c:\Users\Baivab Bhusal\OneDrive\Desktop\visionGuard\aiEngine\src\..\dataset\raw\Violence\V_190.mp4,1,Violence
c:\Users\Baivab Bhusal\OneDrive\Desktop\visionGuard\aiEngine\src\..\dataset\raw\NonViolence\NV_681.mp4,0,NonViolence
c:\Users\Baivab Bhusal\OneDrive\Desktop\visionGuard\aiEngine\src\..\dataset\raw\Violence\V_328.mp4,1,Violence
c:\Users\Baivab Bhusal\OneDrive\Desktop\visionGuard\aiEngine\src\..\dataset\raw\NonViolence\NV_241.mp4,0,NonViolence
c:\Users\Baivab Bhusal\OneDrive\Desktop\visionGuard\aiEngine\src\..\dataset\raw\NonViolence\NV_115.mp4,0,NonViolence
c:\Users\Baivab Bhusal\OneDrive\Desktop\visionGuard\aiEngine\src\..\dataset\raw\NonViolence\NV_329.mp4,0,NonViolence
c:\Users\Baivab Bhusal\OneDrive\Desktop\visionGuard\aiEngine\src\..\dataset\raw\Violence\V_606.mp4,1,Violence
c:\Users\Baivab Bhusal\OneDrive\Desktop\visionGuard\aiEngine\src\..\dataset\raw\NonViolence\NV_905.avi,0,NonViolence
c:\Users\Baivab Bhusal\OneDrive\Desktop\visionGuard\aiEngine\src\..\dataset\raw\Violence\V_72.mp4,1,Violence
c:\Users\Baivab Bhusal\OneDrive\Desktop\visionGuard\aiEngine\src\..\dataset\raw\Violence\V_890.mp4,1,Violence
c:\Users\Baivab Bhusal\OneDrive\Desktop\visionGuard\aiEngine\src\..\dataset\raw\Violence\V_647.mp4,1,Violence
